index,Ru1,Ru2,Ru3,v1,v2,v3,v4,v5,boundrary area (m2),length (m),width (m),travel length (m),mobile robot travel time (min),number of assembly sequences,robot viability rating [roof panels] (0 to 1),number of roof panels,robot viability rating [wall panels] (0 to 1),number of wall panels,total number of panels,total weight (kg),embodied carbon (kgCO2e),max deflection (cm),required quantity of CLT master panels for fabrication,number of assembly sequences requiring extra support
0,6,2,3,2,64,54,1,0,110,11,10,2046,76,33,0.45,33,0.53,52,85,8338.85805,3644,0.268813,3.12,8
1,2,7,13,1,62,65,0,1,88,8,11,1934,72,32,0.5,32,0.58,47,79,7724.084407,3375,0.231755,3.02,7
2,4,10,0,0,44,39,2,0,110,11,10,2165,81,32,0.49,32,0.44,53,85,8658.596526,3784,0.268789,3.06,7
3,5,21,15,1,66,45,1,0,110,10,11,1823,68,33,0.48,33,0.53,50,83,8284.736207,3620,0.275737,3.15,10
4,3,0,4,0,64,60,1,1,112,14,8,1911,71,32,0.45,32,0.63,49,81,7930.008853,3465,0.241238,2.94,7
5,0,4,14,1,42,52,0,1,110,11,10,1668,62,32,0.44,32,0.59,49,81,8418.780306,3679,0.29502,3.21,8
6,5,8,2,0,33,62,2,0,88,8,11,1869,70,33,0.45,33,0.51,51,84,8616.228609,3765,0.260984,3.23,9
7,7,8,13,1,62,46,1,2,72,18,4,2400,89,32,0.42,32,0.51,52,84,8477.107024,3704,0.255947,3.14,6
8,7,13,5,1,34,53,1,1,98,14,7,2195,82,35,0.5,35,0.57,50,85,8476.289268,3704,0.226175,3.15,8
9,7,7,10,0,35,62,1,0,110,11,10,2370,88,32,0.46,32,0.57,48,80,8309.475367,3631,0.311301,3.04,8
10,6,12,11,3,40,36,1,1,110,10,11,1800,67,34,0.49,34,0.56,49,83,8574.994106,3747,0.26508,3.22,10
11,0,18,15,1,68,60,2,1,121,11,11,2153,80,34,0.51,34,0.54,52,86,8138.152968,3556,0.251926,2.96,8
12,2,4,5,2,31,48,2,0,88,8,11,1790,67,33,0.44,33,0.53,50,83,8749.01843,3823,0.27388,3.26,11
13,5,21,1,3,58,44,0,1,110,10,11,1922,72,33,0.51,33,0.56,51,84,8369.186448,3657,0.251956,3.03,8
14,4,2,11,1,66,43,2,1,121,11,11,2348,88,34,0.48,34,0.56,51,85,8380.250774,3662,0.310115,3.12,9
15,3,3,9,2,48,36,1,1,72,18,4,2370,88,32,0.41,32,0.53,51,83,8850.932434,3868,0.272015,3.41,9
16,6,1,13,3,61,48,1,0,84,7,12,1794,67,35,0.5,35,0.52,50,85,8250.285837,3605,0.280536,2.95,9
17,1,0,12,2,67,58,1,2,105,7,15,2280,85,37,0.51,37,0.57,52,89,8161.765562,3567,0.253606,3.06,9
18,1,0,12,3,58,41,0,2,105,7,15,2274,85,37,0.51,37,0.52,52,89,8461.803086,3698,0.282,3.08,10
19,5,6,3,0,47,37,1,0,88,11,8,1934,72,32,0.46,32,0.48,53,85,8896.218613,3888,0.289348,3.25,7
20,4,11,10,2,47,35,1,1,105,15,7,2487,93,35,0.5,35,0.54,50,85,8718.938603,3810,0.332354,3.22,8
21,0,19,10,2,60,36,2,0,112,14,8,2022,75,32,0.46,32,0.51,51,83,8575.144331,3747,0.326502,3.26,7
22,4,22,8,1,47,49,0,2,105,15,7,2115,79,34,0.44,34,0.51,51,85,8657.832393,3783,0.252836,3.25,10
23,1,11,3,2,62,53,1,1,84,7,12,1956,73,35,0.52,35,0.59,49,84,8197.728065,3582,0.250435,3.08,10
24,5,20,16,2,63,35,2,2,110,11,10,1970,73,32,0.47,32,0.5,51,83,8500.642481,3715,0.293152,3.25,7
25,2,18,13,0,49,41,1,1,120,10,12,2211,82,35,0.5,35,0.56,50,85,8680.635231,3793,0.309135,3.25,7
26,6,9,2,1,67,64,1,0,121,11,11,1827,68,33,0.42,33,0.56,52,85,8061.890882,3523,0.257105,3.05,7
27,4,8,10,1,53,43,0,1,110,11,10,2469,92,32,0.47,32,0.54,50,82,8324.148937,3638,0.300695,3.14,6
28,5,5,7,2,37,38,1,1,88,8,11,1815,68,32,0.48,32,0.51,49,81,8416.644892,3678,0.262088,3.16,8
29,6,9,5,1,69,64,1,1,88,11,8,1914,71,36,0.5,36,0.61,50,86,7881.626604,3444,0.233985,2.96,7
30,3,18,2,0,48,54,2,0,98,14,7,1989,74,35,0.49,35,0.52,52,87,8378.770585,3662,0.240014,2.98,10
31,4,0,4,1,51,55,2,1,112,14,8,1974,74,32,0.44,32,0.56,52,84,8414.649431,3677,0.22877,3.1,7
32,4,13,12,1,58,60,2,2,121,11,11,2676,100,34,0.49,34,0.54,51,85,8046.319358,3516,0.284973,3.04,6
33,4,16,6,1,65,44,0,2,121,11,11,2250,84,34,0.47,34,0.58,49,83,8230.577903,3597,0.26476,3.14,7
34,5,18,1,1,48,49,2,0,120,10,12,2108,79,35,0.47,35,0.48,53,88,8841.343546,3864,0.266989,3.27,8
35,2,21,6,1,36,68,1,1,110,11,10,2141,80,33,0.44,33,0.59,50,83,8286.338181,3621,0.235612,3.12,8
36,3,19,13,2,40,63,1,2,112,14,8,2063,77,31,0.46,31,0.56,50,81,8314.460299,3633,0.253242,3.25,11
37,0,5,15,2,54,37,1,2,105,15,7,2103,78,34,0.44,34,0.53,51,85,8602.62485,3759,0.25035,3.25,8
38,2,21,4,0,61,51,1,0,112,14,8,2282,85,31,0.42,31,0.55,50,81,8341.787576,3645,0.260076,3.09,7
39,5,14,16,1,36,43,0,1,104,13,8,2052,77,32,0.42,32,0.56,50,82,8624.445958,3769,0.248914,3.24,6
40,4,9,2,3,34,65,1,2,110,11,10,1928,72,32,0.44,32,0.57,50,82,8245.480548,3603,0.268571,2.96,8
41,5,12,14,1,38,49,2,1,120,10,12,2138,80,35,0.5,35,0.53,51,86,8567.556063,3744,0.254184,3.25,11
42,5,2,5,1,51,58,0,0,105,7,15,2193,82,37,0.51,37,0.54,50,87,8211.051383,3588,0.259473,3.08,10
43,1,2,5,2,49,34,0,0,110,11,10,2063,77,32,0.49,32,0.48,52,84,8857.70212,3871,0.287798,3.27,8
44,2,14,12,2,49,39,0,1,110,10,11,1991,74,34,0.48,34,0.55,49,83,8622.765285,3768,0.255792,3.28,12
45,1,13,6,0,33,46,1,1,104,13,8,2244,84,32,0.42,32,0.53,51,83,8870.670967,3876,0.248115,3.2,8
46,6,13,8,2,44,35,1,1,110,10,11,2043,76,34,0.45,34,0.54,51,85,8789.055192,3841,0.26753,3.24,6
47,7,21,2,2,36,36,1,1,105,15,7,2123,79,34,0.42,34,0.52,52,86,8940.357342,3907,0.258764,3.36,8
48,7,18,4,3,48,54,1,0,88,11,8,1950,73,38,0.49,38,0.53,51,89,8565.466914,3743,0.323532,3.04,8
49,0,17,5,3,63,50,1,0,98,14,7,1889,70,31,0.43,31,0.59,49,80,8037.508311,3512,0.301109,2.96,6
50,4,2,10,0,36,65,0,1,121,11,11,2040,76,34,0.49,34,0.58,50,84,8366.887089,3656,0.23788,3.06,9
51,2,18,8,1,34,34,0,1,120,10,12,2531,94,35,0.5,35,0.48,52,87,8918.591482,3897,0.283088,3.34,7
52,7,1,8,2,44,45,0,1,88,11,8,1676,62,32,0.42,32,0.56,49,81,8660.006112,3784,0.297029,3.28,7
53,3,21,13,3,50,60,0,1,98,14,7,1820,68,30,0.41,30,0.58,49,79,8026.166379,3507,0.266251,2.96,7
54,4,15,6,0,69,59,0,1,98,14,7,1869,70,35,0.52,35,0.63,49,84,7793.39559,3406,0.220759,2.85,9
55,3,10,7,1,47,48,1,2,98,14,7,2393,89,30,0.44,30,0.55,50,80,8315.566495,3634,0.314136,3.12,7
56,3,19,12,2,34,53,1,2,121,11,11,2343,87,34,0.45,34,0.58,50,84,8507.159531,3718,0.289946,3.23,9
57,1,22,8,1,49,43,1,2,120,10,12,2198,82,35,0.48,35,0.51,52,87,8741.272726,3820,0.26568,3.34,9
58,0,11,7,0,45,60,2,1,77,11,7,1766,66,31,0.43,31,0.53,51,82,8229.408034,3596,0.247122,2.96,7
59,7,9,10,3,56,46,1,1,110,11,10,2177,81,32,0.48,32,0.56,50,82,8310.708642,3632,0.269716,3.04,9
60,0,8,16,1,33,52,2,1,105,15,7,2273,85,34,0.44,34,0.59,49,83,8464.428102,3699,0.32496,3.16,6
61,5,16,7,2,38,48,0,2,120,10,12,2543,95,35,0.48,35,0.48,52,87,8684.160756,3795,0.288152,3.23,9
62,4,7,9,0,63,62,1,1,110,11,10,2109,79,32,0.46,32,0.62,48,80,8002.586468,3497,0.262905,2.9,6
63,1,16,10,3,66,61,0,1,104,13,8,2067,77,32,0.45,32,0.59,49,81,7926.262946,3464,0.235706,2.95,12
64,2,6,14,1,38,35,1,2,88,11,8,2034,76,33,0.44,33,0.52,51,84,8800.46843,3846,0.253445,3.25,10
65,3,17,2,0,45,39,1,0,112,14,8,2430,91,32,0.44,32,0.49,51,83,8853.753894,3869,0.273861,3.24,9
66,1,1,6,0,39,36,2,1,110,10,11,2010,75,34,0.44,34,0.55,49,83,8665.345117,3787,0.293084,3.22,7
67,6,20,15,2,57,46,0,2,88,11,8,1625,61,30,0.47,30,0.54,47,77,8027.732244,3508,0.260198,3.06,7
68,7,5,2,0,35,63,1,0,105,15,7,2088,78,35,0.51,35,0.58,50,85,8245.503097,3603,0.293479,2.97,9
69,6,20,4,0,58,64,0,0,88,8,11,1625,61,32,0.47,32,0.58,47,79,7752.12035,3388,0.26991,2.95,6
70,3,18,12,1,67,66,2,0,98,14,7,2085,78,35,0.5,35,0.58,48,83,7589.82682,3317,0.249383,2.88,9
71,1,18,6,0,38,52,1,2,120,10,12,2114,79,35,0.48,35,0.53,50,85,8509.981061,3719,0.308544,3.1,9
72,4,8,9,1,63,51,1,2,77,11,7,1743,65,31,0.45,31,0.6,48,79,7956.670575,3477,0.29122,3.05,7
73,3,15,0,2,38,69,0,1,68,17,4,2147,80,29,0.4,29,0.54,51,80,8109.505794,3544,0.229317,3.04,12
74,1,14,10,1,54,53,2,0,110,10,11,2063,77,34,0.49,34,0.53,50,84,8196.691603,3582,0.269134,3.12,13
75,4,12,4,1,36,31,1,1,112,14,8,2168,81,32,0.43,32,0.53,51,83,8938.738299,3906,0.272154,3.35,8
76,4,22,1,2,68,42,1,2,72,18,4,2427,90,32,0.43,32,0.57,51,83,8429.021995,3683,0.280846,3.14,9
77,4,18,15,0,68,56,2,2,98,14,7,2073,77,35,0.48,35,0.54,51,86,8199.147025,3583,0.311953,2.92,10
78,5,18,6,1,43,64,1,1,84,7,12,1944,72,35,0.5,35,0.57,48,83,8218.421912,3591,0.240056,3.12,6
79,6,7,1,2,55,63,2,1,121,11,11,2220,83,33,0.45,33,0.53,53,86,8246.082174,3604,0.222931,3.04,10
80,4,8,12,2,49,55,0,1,98,14,7,2241,84,30,0.42,30,0.55,51,81,8251.181362,3606,0.276109,3.08,8
81,5,18,8,1,35,47,0,0,105,7,15,2444,91,37,0.52,37,0.5,52,89,8808.790194,3849,0.270493,3.35,8
82,1,5,15,0,68,65,2,0,121,11,11,2259,84,33,0.46,33,0.56,51,84,8041.114629,3514,0.275346,2.89,8
83,1,5,13,2,53,57,1,2,121,11,11,2412,90,33,0.48,33,0.52,52,85,8359.825425,3653,0.27225,3.12,7
84,2,2,14,2,60,58,0,1,104,13,8,2063,77,32,0.46,32,0.59,49,81,8039.057174,3513,0.262068,3.06,9
85,6,3,2,3,41,55,1,1,121,11,11,1992,74,33,0.44,33,0.55,51,84,8522.026579,3724,0.260371,3.12,8
86,6,11,13,3,34,67,0,1,120,10,12,1992,74,35,0.53,35,0.51,51,86,8284.504508,3620,0.246375,2.94,10
87,5,19,1,2,54,47,0,1,88,11,8,1850,69,31,0.42,31,0.53,52,83,8512.087374,3720,0.251691,3.28,7
88,6,10,2,1,57,52,0,2,88,11,8,1757,66,31,0.44,31,0.49,51,82,8306.180921,3630,0.287779,3.12,9
89,0,9,5,0,53,43,1,1,98,14,7,2195,82,30,0.43,30,0.57,50,80,8491.20611,3711,0.271548,3.11,5
90,4,21,3,1,47,52,0,1,98,14,7,1965,73,30,0.41,30,0.61,48,78,8245.639955,3603,0.242231,3.17,7
91,3,16,15,1,55,53,1,1,88,11,8,2049,76,32,0.46,32,0.6,50,82,8221.655899,3593,0.253452,3.09,8
92,5,21,8,1,41,63,1,1,98,7,14,2234,83,35,0.5,35,0.56,49,84,8299.137521,3627,0.244914,3.21,8
93,0,10,1,3,64,48,1,0,105,15,7,2357,88,34,0.44,34,0.55,51,85,8432.28691,3685,0.311176,2.99,9
94,5,8,5,1,57,50,1,2,80,10,8,1764,66,31,0.43,31,0.53,51,82,8319.043394,3635,0.251092,3.14,8
95,5,15,3,0,66,58,2,2,80,10,8,1757,66,34,0.46,34,0.54,51,85,8047.700663,3517,0.239509,2.92,7
96,5,2,6,2,60,69,0,1,84,7,12,1986,74,34,0.48,34,0.56,51,85,8034.017979,3511,0.221989,2.96,5
97,2,21,15,1,68,45,0,2,88,11,8,1866,70,31,0.41,31,0.58,48,79,8121.746949,3549,0.277291,3.14,9
98,7,0,2,2,31,54,0,1,98,14,7,1917,71,31,0.42,31,0.57,49,80,8405.927059,3673,0.231797,3.2,7
99,6,10,14,3,56,45,1,1,88,11,8,1799,67,31,0.48,31,0.57,51,82,8420.880559,3680,0.250431,3.05,6
100,4,9,3,2,34,39,1,0,98,14,7,2078,77,30,0.44,30,0.47,51,81,8724.49318,3813,0.276839,3.27,9
101,3,6,11,3,54,49,2,1,72,18,4,2477,92,32,0.45,32,0.52,52,84,8446.37615,3691,0.24983,3.06,9
102,7,0,12,2,37,41,1,0,98,14,7,2070,77,31,0.42,31,0.53,49,80,8589.808323,3754,0.308542,3.25,7
103,6,2,11,2,58,41,1,1,112,14,8,2175,81,31,0.47,31,0.53,52,83,8684.792519,3795,0.255646,3.27,6
104,4,13,4,2,58,68,0,1,121,11,11,2456,92,34,0.46,34,0.56,52,86,7916.653843,3460,0.225746,2.91,9
105,5,3,11,3,70,60,2,1,121,11,11,2190,82,37,0.5,37,0.55,52,89,8094.637599,3537,0.238999,3.02,6
106,7,22,3,1,61,70,1,1,110,11,10,1880,70,32,0.45,32,0.6,50,82,7920.817796,3461,0.247395,2.95,7
107,2,16,15,2,41,43,1,1,120,10,12,2369,88,34,0.49,34,0.56,50,84,8648.839488,3780,0.274884,3.25,13
108,5,11,3,3,31,38,1,0,121,11,11,1964,73,33,0.42,33,0.52,51,84,8969.541317,3920,0.288119,3.44,8
109,7,10,11,1,35,61,2,1,90,15,6,2601,97,34,0.47,34,0.51,52,86,8371.440676,3658,0.24162,3.1,7
110,2,4,11,3,58,46,2,1,88,8,11,1928,72,36,0.5,36,0.52,51,87,8411.680481,3676,0.244713,3.04,6
111,4,10,13,2,67,44,1,1,110,11,10,2148,80,36,0.51,36,0.62,49,85,8140.083406,3557,0.284084,3.08,12
112,3,9,6,3,53,70,0,1,110,11,10,1790,67,32,0.44,32,0.61,48,80,7844.905553,3428,0.243997,2.89,8
113,2,20,7,2,52,54,2,1,112,14,8,2240,84,31,0.46,31,0.56,49,80,8183.102556,3576,0.242475,3.25,9
114,0,17,13,2,49,68,1,2,68,17,4,2060,77,29,0.4,29,0.59,48,77,7926.242184,3464,0.268985,3.04,6
115,6,22,12,1,53,63,0,1,110,10,11,2124,79,34,0.46,34,0.57,49,83,7992.068388,3493,0.245596,3.06,10
116,1,5,12,1,30,49,2,1,88,11,8,1964,73,36,0.47,36,0.51,52,88,8860.505513,3872,0.281207,3.27,5
117,2,17,2,3,49,63,1,2,110,10,11,2192,82,34,0.52,34,0.58,48,82,8160.634053,3566,0.257863,2.94,8
118,0,20,15,1,55,57,1,2,98,14,7,2088,78,31,0.42,31,0.54,51,82,8144.577525,3559,0.257003,3.04,5
119,2,17,9,1,58,56,1,1,110,10,11,2510,94,34,0.5,34,0.6,48,82,7918.226844,3460,0.241175,2.96,5
120,4,14,8,1,59,65,1,0,68,17,4,2108,79,29,0.41,29,0.61,47,76,7675.997581,3354,0.255617,2.95,5
121,1,9,0,1,42,42,2,1,88,8,11,1679,63,32,0.46,32,0.5,49,81,8514.357174,3721,0.256936,3.19,9
122,1,1,3,3,32,40,2,0,110,10,11,1974,74,34,0.51,34,0.52,51,85,8729.344084,3815,0.282413,3.19,12
123,5,2,14,2,58,41,0,2,108,9,12,2048,76,35,0.46,35,0.49,53,88,8488.372597,3709,0.288914,3.21,11
124,6,12,1,2,57,41,1,1,80,10,8,1670,62,34,0.48,34,0.65,47,81,8162.475379,3567,0.300784,3.1,9
125,4,11,8,3,66,70,0,0,72,18,4,2474,92,32,0.43,32,0.6,51,83,7962.807416,3480,0.222594,2.82,7
126,1,19,2,2,39,44,0,1,98,7,14,1979,74,35,0.5,35,0.52,50,85,8688.214958,3797,0.259387,3.21,12
127,6,2,12,2,48,35,2,0,88,11,8,2106,79,31,0.45,31,0.48,52,83,8856.702123,3870,0.290368,3.35,7
128,2,20,7,2,39,34,0,1,112,14,8,2273,85,31,0.46,31,0.53,51,82,8865.941638,3874,0.273254,3.38,7
129,1,3,6,2,56,60,2,1,121,11,11,2118,79,33,0.51,33,0.57,50,83,8137.404399,3556,0.2347,3.08,9
130,7,14,13,1,47,54,1,2,112,14,8,2063,77,32,0.43,32,0.54,51,83,8449.332209,3692,0.259466,3.16,8
131,2,21,14,1,42,47,1,0,121,11,11,2049,76,33,0.41,33,0.51,51,84,8672.870221,3790,0.266614,3.27,8
132,3,4,3,1,36,67,0,0,110,11,10,1998,74,32,0.45,32,0.61,48,80,8119.294115,3548,0.225654,3.1,6
133,6,14,12,0,51,46,1,2,120,10,12,2153,80,35,0.46,35,0.53,52,87,8474.220073,3703,0.267597,2.97,8
134,5,15,16,0,47,62,1,2,104,13,8,2040,76,32,0.46,32,0.55,50,82,8218.126801,3591,0.245225,2.93,9
135,1,5,7,1,53,68,1,2,88,11,8,1812,68,31,0.44,31,0.54,51,82,8044.337153,3515,0.247509,3.07,5
136,4,14,8,1,58,34,1,0,68,17,4,2228,83,29,0.39,29,0.53,50,79,8515.735085,3721,0.287081,3.14,6
137,5,11,6,2,32,70,2,1,121,11,11,1991,74,33,0.44,33,0.56,51,84,8491.958404,3711,0.239582,3.21,9
138,3,19,0,3,33,66,1,1,88,11,8,1887,70,34,0.43,34,0.63,49,83,8416.620873,3678,0.237502,3.06,7
139,5,6,6,2,54,67,1,2,112,14,8,2276,85,31,0.44,31,0.59,50,81,7955.908797,3477,0.264509,2.98,8
140,2,4,16,1,70,56,1,1,88,11,8,1704,64,31,0.47,31,0.61,50,81,8117.837137,3547,0.241997,3.12,9
141,2,12,1,2,44,68,2,0,108,9,12,2226,83,34,0.47,34,0.53,50,84,8215.364429,3590,0.258045,3.14,5
142,0,3,10,2,52,38,1,2,110,11,10,2084,78,32,0.44,32,0.55,50,82,8424.553278,3682,0.258391,3.14,7
143,4,9,12,1,68,68,0,0,77,11,7,1713,64,32,0.46,32,0.61,48,80,7605.844823,3324,0.223032,3.02,7
144,5,1,5,2,43,42,1,2,110,10,11,2024,75,34,0.45,34,0.57,49,83,8473.927807,3703,0.293522,3.24,9
145,0,15,4,0,55,67,0,1,121,11,11,2112,79,34,0.46,34,0.59,50,84,7978.870823,3487,0.248443,2.93,6
146,3,6,4,3,52,63,0,2,105,15,7,2402,90,34,0.45,34,0.55,51,85,8267.832348,3613,0.255407,2.98,8
147,1,21,10,3,39,44,1,1,112,14,8,2036,76,31,0.42,31,0.51,51,82,8660.507363,3785,0.240029,3.21,5
148,3,8,8,3,51,63,1,2,110,11,10,2414,90,32,0.47,32,0.58,48,80,8095.640751,3538,0.287107,2.95,8
149,2,20,12,0,42,64,0,0,112,14,8,2054,77,31,0.42,31,0.51,51,82,8209.0231,3587,0.256715,2.96,8
150,5,2,13,0,37,50,1,0,120,10,12,2021,75,35,0.51,35,0.52,51,86,8718.30753,3810,0.258659,3.27,10
151,3,6,0,3,63,40,2,0,72,18,4,2424,90,32,0.44,32,0.51,51,83,8580.922002,3750,0.278227,3.1,7
152,1,12,15,1,50,63,1,0,110,10,11,1955,73,34,0.5,34,0.54,53,87,8209.561539,3588,0.242455,3.08,15
153,1,15,14,2,69,64,2,0,84,7,12,1932,72,34,0.5,34,0.54,51,85,7989.786707,3492,0.278225,2.95,8
154,6,3,12,2,67,37,1,2,112,14,8,1977,74,31,0.48,31,0.53,51,82,8438.299163,3688,0.260251,3.25,8
155,4,7,5,1,59,53,2,0,110,11,10,1970,73,32,0.47,32,0.52,50,82,8223.618381,3594,0.256769,3.15,15
156,2,12,9,0,56,36,0,1,120,10,12,2702,101,35,0.48,35,0.51,51,86,8664.541868,3786,0.274593,3.1,5
157,4,16,9,2,64,33,1,2,121,11,11,2363,88,34,0.47,34,0.6,49,83,8432.573724,3685,0.309969,3.22,7
158,1,9,1,2,57,48,0,0,88,11,8,1625,61,30,0.43,30,0.5,49,79,8148.172011,3561,0.260031,3.09,8
159,2,2,2,3,61,57,2,2,104,13,8,2087,78,32,0.52,32,0.52,50,82,8115.596115,3547,0.270724,2.92,15
160,0,6,4,0,36,66,2,1,110,11,10,1788,67,32,0.44,32,0.55,51,83,8292.52463,3624,0.264956,2.95,7
161,0,20,12,1,48,55,1,0,98,14,7,2183,81,31,0.43,31,0.58,49,80,8203.246279,3585,0.276373,3.14,5
162,7,10,11,2,67,43,2,1,90,15,6,2598,97,34,0.51,34,0.53,53,87,8453.113601,3694,0.255208,3.1,10
163,2,15,8,3,68,65,1,2,80,10,8,1874,70,34,0.51,34,0.6,49,83,7815.187874,3415,0.264074,2.81,5
164,1,8,15,3,64,41,1,0,98,7,14,2085,78,35,0.51,35,0.56,50,85,8259.741513,3610,0.283917,2.95,10
165,4,20,7,3,31,38,0,0,121,11,11,2183,81,34,0.44,34,0.44,53,87,9005.4561,3935,0.249341,3.28,8
166,2,9,5,0,45,34,2,1,77,7,11,1904,71,33,0.53,33,0.53,49,82,8618.489858,3766,0.278949,3.22,4
167,2,20,6,1,55,61,2,0,121,11,11,2117,79,33,0.51,33,0.47,53,86,8352.220637,3650,0.250633,3.1,7
168,5,22,14,2,61,70,2,2,104,13,8,2082,78,32,0.47,32,0.56,51,83,7828.522083,3421,0.232693,3.02,9
169,2,12,4,3,38,67,1,1,120,10,12,2315,86,35,0.5,35,0.62,49,84,8200.894432,3584,0.249669,2.99,9
170,4,20,9,2,52,48,1,1,88,11,8,1742,65,32,0.44,32,0.59,50,82,8339.696465,3644,0.255338,3.27,7
171,3,16,16,2,55,44,1,0,112,14,8,2222,83,32,0.43,32,0.52,51,83,8436.990588,3687,0.260673,3.25,9
172,5,0,12,1,40,59,1,1,104,13,8,1806,67,32,0.48,32,0.58,49,81,8377.531888,3661,0.264458,3.25,10
173,5,19,5,2,47,34,0,1,121,11,11,1941,72,33,0.48,33,0.51,51,84,8807.256699,3849,0.295008,3.39,8
174,3,20,14,2,45,63,1,1,88,11,8,1718,64,34,0.47,34,0.6,49,83,8343.037377,3646,0.248453,3.15,6
175,5,18,2,2,32,55,2,2,120,10,12,2102,78,34,0.46,34,0.51,52,86,8818.804424,3854,0.280353,3.26,10
176,5,7,1,2,35,56,0,2,110,10,11,1973,74,33,0.47,33,0.51,50,83,8459.223965,3697,0.259872,3.2,10
177,4,11,2,0,64,32,1,0,105,15,7,2367,88,34,0.49,34,0.52,52,86,8718.308678,3810,0.288889,3.16,8
178,5,19,8,1,67,51,0,0,121,11,11,2238,83,33,0.46,33,0.56,51,84,8140.658652,3557,0.239382,3.14,7
179,2,17,0,1,52,57,2,1,104,13,8,2244,84,32,0.48,32,0.56,50,82,8149.452221,3561,0.240466,3.09,7
180,3,14,10,2,47,67,1,0,98,14,7,2139,80,31,0.44,31,0.61,46,77,7779.864582,3400,0.271932,3.04,8
181,7,16,6,2,42,66,1,1,121,11,11,2333,87,34,0.43,34,0.59,50,84,8287.912357,3622,0.24738,3.14,7
182,5,12,11,1,56,45,1,2,84,7,12,2063,77,35,0.47,35,0.51,53,88,8438.624808,3688,0.252642,3.12,16
183,2,8,6,3,61,36,1,1,77,7,11,1776,66,33,0.52,33,0.6,48,81,8314.80873,3634,0.267183,3.1,4
184,3,2,3,1,31,66,2,1,121,11,11,2162,81,34,0.45,34,0.58,51,85,8504.441468,3716,0.229407,3.25,8
185,6,19,10,1,42,55,2,1,112,14,8,2052,77,31,0.46,31,0.56,50,81,8460.990272,3697,0.249514,3.27,7
186,3,5,7,3,30,45,2,2,110,11,10,2153,80,32,0.44,32,0.57,49,81,8776.514864,3835,0.281294,3.32,13
187,1,17,13,1,35,38,1,1,80,10,8,1710,64,32,0.43,32,0.53,50,82,8824.733459,3856,0.273386,3.26,5
188,6,13,8,2,32,46,0,1,110,10,11,2034,76,34,0.47,34,0.55,50,84,8730.255183,3815,0.257711,3.25,8
189,3,1,15,2,67,42,1,0,68,17,4,2121,79,29,0.39,29,0.55,49,78,8217.301553,3591,0.286877,3.24,10
190,4,12,5,0,66,65,1,1,112,14,8,2003,75,32,0.47,32,0.64,48,80,7868.396531,3438,0.235214,2.96,6
191,6,13,5,1,51,44,0,1,110,10,11,2172,81,34,0.48,34,0.56,50,84,8352.548278,3650,0.25782,3.15,5
192,6,21,14,2,43,64,1,0,77,7,11,1772,66,33,0.49,33,0.59,49,82,8109.927459,3544,0.280115,3.08,14
193,1,11,1,3,60,39,1,1,84,7,12,1847,69,35,0.48,35,0.57,50,85,8414.02809,3677,0.26176,3.14,6
194,4,6,13,2,51,41,1,0,105,15,7,2385,89,35,0.47,35,0.54,51,86,8559.382353,3740,0.285545,3.25,8
195,3,17,10,3,38,69,2,2,121,11,11,2654,99,34,0.46,34,0.6,49,83,8252.582236,3606,0.289767,3.06,10
196,6,16,15,2,41,63,1,2,80,10,8,1559,58,32,0.42,32,0.58,48,80,8146.852773,3560,0.258755,3.12,6
197,5,1,9,1,46,43,2,0,80,10,8,1820,68,32,0.43,32,0.44,53,85,8657.291297,3783,0.26821,3.27,5
198,0,0,1,0,48,68,1,1,98,14,7,2276,85,35,0.49,35,0.59,49,84,7848.126835,3430,0.221282,2.89,8
199,3,3,4,1,58,66,1,2,105,15,7,2352,88,34,0.45,34,0.57,51,85,8153.044911,3563,0.256906,3.03,9
200,3,17,5,2,39,30,2,2,88,11,8,2084,78,32,0.44,32,0.53,50,82,8850.020327,3867,0.350649,3.48,12
201,1,21,12,3,52,35,1,1,88,11,8,1938,72,37,0.51,37,0.57,49,86,8499.472274,3714,0.269825,3.11,16
202,5,17,13,2,37,35,1,0,104,13,8,1950,73,32,0.46,32,0.47,51,83,8824.875648,3856,0.285342,3.28,9
203,1,8,11,0,60,49,1,1,98,7,14,2169,81,35,0.5,35,0.59,48,83,8139.930298,3557,0.251154,2.99,6
204,5,21,11,0,33,49,1,1,98,7,14,2021,75,35,0.53,35,0.57,48,83,8603.63751,3760,0.26077,3.27,10
205,4,15,5,0,38,65,1,0,98,14,7,1854,69,31,0.42,31,0.63,46,77,7870.078224,3439,0.235532,2.95,8
206,0,17,6,0,33,39,1,2,98,14,7,1859,69,35,0.48,35,0.56,49,84,8497.420603,3713,0.259238,3.1,8
207,3,14,12,2,63,57,1,2,98,14,7,1968,73,31,0.42,31,0.56,49,80,8073.182068,3528,0.26655,2.96,10
208,6,15,3,2,34,65,0,2,80,10,8,1571,59,32,0.4,32,0.56,49,81,8271.802769,3615,0.25769,3.12,6
209,1,18,1,1,55,61,1,2,84,7,12,1866,70,35,0.46,35,0.56,50,85,8178.159187,3574,0.284204,3.1,10
210,6,9,7,0,49,34,0,1,112,14,8,1944,72,31,0.43,31,0.51,51,82,8790.826636,3842,0.265511,3.26,8
211,0,17,2,0,44,41,0,0,98,14,7,1880,70,35,0.48,35,0.55,48,83,8378.77061,3662,0.310308,3.05,10
212,6,16,9,2,48,62,2,1,110,10,11,2079,78,34,0.45,34,0.61,48,82,8112.859017,3545,0.254206,3.15,9
213,3,20,14,1,60,59,1,2,88,11,8,1794,67,34,0.45,34,0.55,52,86,8274.484015,3616,0.266033,3.09,8
214,5,8,16,2,66,66,1,2,88,11,8,1823,68,31,0.45,31,0.54,52,83,8144.831599,3559,0.262365,3.06,10
215,6,1,3,0,52,52,2,1,120,10,12,2103,78,35,0.5,35,0.55,52,87,8350.410184,3649,0.240585,2.98,10
216,3,22,10,2,44,46,2,0,105,15,7,2306,86,34,0.45,34,0.53,51,85,8619.101108,3767,0.289367,3.23,7
217,6,13,14,1,53,33,2,2,110,10,11,1919,72,34,0.48,34,0.48,52,86,8720.124341,3811,0.276979,3.25,7
218,5,10,9,0,66,31,2,1,88,11,8,1688,63,31,0.48,31,0.52,51,82,8676.671928,3792,0.268008,3.2,8
219,1,17,0,3,65,64,1,1,110,10,11,1898,71,34,0.45,34,0.6,50,84,7926.352797,3464,0.237797,2.95,8
220,7,13,9,0,52,44,1,1,98,14,7,2462,92,35,0.5,35,0.56,51,86,8438.620514,3688,0.234512,2.98,6
221,3,5,7,2,42,63,1,2,110,11,10,2150,80,32,0.47,32,0.56,49,81,8226.350701,3595,0.268902,3.1,12
222,7,4,12,1,33,46,2,1,110,11,10,1770,66,32,0.43,32,0.57,49,81,8526.805846,3726,0.301557,3.23,5
223,5,14,10,2,50,58,2,0,110,10,11,2031,76,34,0.52,34,0.5,52,86,8250.671527,3606,0.243443,3.08,10
224,4,8,2,2,60,56,1,1,98,14,7,2210,82,30,0.44,30,0.61,50,80,8009.285662,3500,0.274097,3.04,6
225,4,4,5,1,38,55,1,0,110,11,10,2064,77,32,0.44,32,0.56,50,82,8419.699055,3679,0.226456,3.18,9
226,4,11,13,0,49,40,1,1,105,15,7,2207,82,34,0.44,34,0.56,51,85,8801.41993,3846,0.310962,3.15,8
227,4,3,0,2,63,34,0,1,105,15,7,2139,80,35,0.49,35,0.53,52,87,8686.782349,3796,0.242789,3.21,8
228,2,10,15,2,34,42,2,1,112,14,8,2114,79,31,0.44,31,0.5,53,84,9010.345035,3938,0.271604,3.35,7
229,5,9,13,0,47,58,1,1,110,10,11,1862,69,33,0.46,33,0.6,48,81,8163.541572,3567,0.251203,3.04,7
230,1,10,13,2,62,57,1,1,88,11,8,1745,65,32,0.47,32,0.62,47,79,7994.578264,3494,0.245691,3.1,9
231,4,5,3,2,41,44,1,1,77,11,7,1850,69,32,0.44,32,0.57,49,81,8542.484223,3733,0.291997,3.27,10
232,1,6,12,3,37,33,1,1,121,11,11,2241,84,33,0.45,33,0.53,51,84,8944.401017,3909,0.259717,3.37,7
233,3,8,11,2,57,37,1,1,98,14,7,2129,79,30,0.42,30,0.61,49,79,8378.362623,3661,0.330741,3.21,12
234,1,6,13,3,63,34,1,0,112,14,8,2156,80,31,0.47,31,0.51,53,84,8745.246301,3822,0.288659,3.11,6
235,5,3,14,2,36,64,0,1,112,14,8,2120,79,31,0.45,31,0.56,50,81,8274.371825,3616,0.252881,3.25,7
236,6,8,7,2,55,39,0,1,110,10,11,1895,71,33,0.46,33,0.56,50,83,8473.927779,3703,0.272638,3.2,8
237,6,12,13,3,47,37,0,1,104,13,8,1782,66,32,0.48,32,0.53,50,82,8674.617898,3791,0.295557,3.21,8
238,6,17,3,1,38,30,0,1,104,13,8,1980,74,32,0.47,32,0.52,50,82,8938.199066,3906,0.29684,3.33,6
239,1,1,13,0,64,62,0,1,80,10,8,1857,69,34,0.51,34,0.58,49,83,7839.603776,3426,0.246695,2.85,7
240,3,11,15,1,60,66,0,0,90,15,6,2394,89,34,0.45,34,0.6,48,82,7804.613969,3411,0.254464,2.96,13
241,4,14,1,1,50,67,1,2,68,17,4,2136,80,29,0.4,29,0.6,49,78,7764.197565,3393,0.226882,2.95,7
242,6,19,14,1,54,51,1,0,88,11,8,1688,63,31,0.43,31,0.52,50,81,8344.309016,3646,0.263649,3.25,8
243,6,17,12,2,56,64,2,2,104,13,8,1847,69,32,0.47,32,0.52,51,83,8052.985489,3519,0.244737,2.99,11
244,1,7,3,2,66,60,1,0,110,10,11,1979,74,33,0.49,33,0.58,50,83,7985.152788,3490,0.252102,2.96,6
245,5,17,5,2,32,55,1,1,80,10,8,1742,65,34,0.49,34,0.63,47,81,8281.91284,3619,0.245504,3.17,7
246,4,10,4,3,39,41,0,1,98,14,7,2370,88,30,0.42,30,0.52,51,81,8776.050095,3835,0.277543,3.2,9
247,0,18,12,2,43,44,2,2,121,11,11,2253,84,34,0.45,34,0.5,52,86,8681.889064,3794,0.270239,3.21,9
248,6,15,10,2,60,40,0,1,104,13,8,1974,74,32,0.45,32,0.55,50,82,8426.204287,3682,0.250257,3.15,8
249,1,19,5,2,47,36,2,1,110,10,11,1917,71,33,0.47,33,0.56,49,82,8583.259034,3751,0.257468,3.25,7
250,3,16,9,1,41,41,0,1,121,11,11,2381,89,34,0.44,34,0.57,50,84,8585.792675,3752,0.319056,3.21,8
251,2,3,10,1,34,54,0,2,88,11,8,1967,73,33,0.44,33,0.51,51,84,8607.995401,3762,0.269617,3.26,8
252,3,17,12,1,40,51,0,0,121,11,11,2789,104,34,0.44,34,0.47,53,87,8645.974335,3778,0.239949,3.21,9
253,5,21,13,1,57,58,2,2,110,10,11,1940,72,33,0.49,33,0.5,52,85,8168.345809,3570,0.253801,3.1,9
254,3,20,6,3,49,43,0,2,112,14,8,2151,80,32,0.42,32,0.51,51,83,8710.384307,3806,0.279193,3.17,6
255,4,5,1,2,65,54,0,0,110,11,10,1830,68,32,0.46,32,0.54,50,82,8161.871152,3567,0.237205,3.06,6
256,5,18,9,1,57,31,0,1,84,7,12,2054,77,35,0.48,35,0.53,51,86,8655.438003,3782,0.270265,3.28,6
257,3,4,3,0,59,48,1,2,110,11,10,2045,76,32,0.44,32,0.61,49,81,8113.781598,3546,0.288682,3.05,10
258,7,8,0,3,40,51,1,1,72,18,4,2402,90,32,0.44,32,0.56,51,83,8513.64908,3720,0.281243,3.08,4
259,6,1,10,3,61,43,1,2,120,10,12,2177,81,35,0.46,35,0.54,51,86,8319.413171,3636,0.295093,2.95,9
260,2,16,5,1,32,61,1,2,84,7,12,2210,82,35,0.48,35,0.51,52,87,8649.631951,3780,0.247297,3.26,10
261,2,12,13,0,46,57,1,1,108,9,12,2123,79,35,0.51,35,0.6,48,83,8357.097655,3652,0.245307,3.12,5
262,3,16,10,2,68,55,2,0,88,11,8,2183,81,34,0.46,34,0.5,53,87,8119.864643,3548,0.234758,2.96,7
263,6,19,7,2,51,49,1,1,112,14,8,1914,71,31,0.48,31,0.58,50,81,8465.920043,3700,0.245523,3.26,6
264,6,21,11,2,56,35,2,2,98,7,14,2006,75,35,0.5,35,0.51,51,86,8626.921216,3770,0.26602,3.21,10
265,2,19,2,3,32,42,2,0,98,7,14,2172,81,35,0.49,35,0.48,51,86,8936.991489,3905,0.278307,3.54,14
266,4,15,6,1,33,58,0,1,98,14,7,1865,70,35,0.5,35,0.61,49,84,8298.970519,3627,0.22385,3.12,7
267,1,19,6,1,50,61,1,0,98,7,14,2057,77,35,0.5,35,0.58,50,85,8101.424453,3540,0.282343,3.08,7
268,5,16,5,2,40,42,0,1,84,7,12,1916,71,35,0.47,35,0.49,51,86,8801.084346,3846,0.274738,3.26,9
269,6,11,12,1,43,36,2,1,105,7,15,2204,82,37,0.5,37,0.53,51,88,8719.303853,3810,0.273278,3.27,15
270,1,20,8,2,42,70,1,1,88,8,11,1857,69,33,0.48,33,0.55,51,84,8331.676204,3641,0.234938,3.16,4
271,5,19,8,1,56,31,1,0,121,11,11,2229,83,33,0.44,33,0.53,51,84,8696.836496,3801,0.270075,3.22,8
272,2,11,2,3,67,61,2,2,112,14,8,2208,82,31,0.44,31,0.51,53,84,8064.872544,3524,0.229879,2.9,8
273,6,14,1,3,32,44,0,2,120,10,12,2100,78,34,0.52,34,0.49,51,85,8815.129355,3852,0.266545,3.26,13
274,6,5,10,1,46,37,1,1,121,11,11,2138,80,33,0.47,33,0.57,49,82,8608.474315,3762,0.261101,3.29,12
275,1,3,9,3,40,35,2,1,121,11,11,2054,77,33,0.47,33,0.54,50,83,8784.705563,3839,0.267504,3.23,6
276,4,7,12,2,59,42,1,0,98,14,7,2003,75,30,0.41,30,0.53,49,79,8352.086383,3650,0.276216,3.22,12
277,2,4,3,3,53,35,2,1,80,10,8,1844,69,31,0.42,31,0.5,52,83,8772.364571,3834,0.248667,3.18,8
278,2,11,11,1,35,47,2,1,121,11,11,2291,85,33,0.46,33,0.51,52,85,8714.546485,3808,0.250362,3.23,11
279,2,12,9,1,56,58,1,2,120,10,12,2693,100,35,0.5,35,0.56,51,86,8174.633772,3572,0.236248,3.1,9
280,7,19,9,3,56,40,1,1,104,13,8,1857,69,32,0.43,32,0.53,53,85,8474.907585,3704,0.292328,3.08,5
281,4,17,7,1,49,60,2,2,121,11,11,2478,92,34,0.46,34,0.52,53,87,8543.370534,3733,0.274872,3.17,7
282,3,14,14,1,32,54,1,1,98,14,7,2550,95,35,0.47,35,0.59,49,84,8246.995593,3604,0.303806,3.12,13
283,2,7,1,0,53,61,1,1,88,11,8,1665,62,30,0.48,30,0.56,48,78,7838.310062,3425,0.233809,2.94,6
284,4,8,8,2,50,38,1,2,110,11,10,2436,91,32,0.45,32,0.56,49,81,8249.823744,3605,0.294988,3.14,7
285,6,19,6,1,56,32,0,1,121,11,11,1754,65,33,0.45,33,0.58,49,82,8693.080153,3799,0.278292,3.36,6
286,2,1,1,1,60,34,1,1,104,13,8,2018,75,32,0.41,32,0.56,50,82,8515.803768,3721,0.255484,3.22,10
287,4,5,4,1,61,69,0,2,110,11,10,1844,69,32,0.42,32,0.59,50,82,7924.492795,3463,0.276269,2.94,8
288,4,21,15,0,48,53,1,1,77,11,7,1760,66,32,0.45,32,0.62,49,81,8310.871259,3632,0.235312,3.09,7
289,4,4,3,2,33,45,1,1,110,11,10,2022,75,32,0.45,32,0.58,49,81,8555.099316,3739,0.305863,3.19,9
290,5,5,7,2,54,36,1,2,88,8,11,1809,67,32,0.46,32,0.51,49,81,8296.518329,3626,0.285061,3.09,12
291,7,8,0,2,56,32,0,2,72,18,4,2369,88,32,0.42,32,0.52,52,84,8860.630331,3872,0.31887,3.41,8
292,1,20,1,2,53,63,1,2,88,11,8,1676,62,31,0.41,31,0.54,52,83,8211.739626,3589,0.264724,3.08,9
293,3,19,1,2,48,38,1,0,112,14,8,2073,77,32,0.44,32,0.51,50,82,8636.228086,3774,0.273165,3.35,9
294,4,6,4,1,63,53,1,2,105,15,7,2379,89,34,0.47,34,0.54,51,85,8383.312944,3664,0.281624,3.1,7
295,3,14,7,3,58,62,2,1,98,14,7,2013,75,31,0.44,31,0.54,52,83,8117.649578,3547,0.304629,2.96,9
296,3,5,5,3,40,51,2,1,98,14,7,2040,76,30,0.44,30,0.54,51,81,8493.464945,3712,0.231014,3.08,8
297,1,20,7,2,41,62,0,2,88,11,8,1878,70,31,0.41,31,0.53,51,82,8333.091844,3642,0.258713,3.12,6
298,3,5,5,1,61,30,2,2,98,14,7,2018,75,30,0.47,30,0.54,50,80,8655.399854,3782,0.327974,3.28,7
299,4,5,3,1,45,30,2,0,77,11,7,1979,74,36,0.49,36,0.49,51,87,8763.311381,3830,0.274688,3.2,10
300,7,2,2,0,38,51,1,1,121,11,11,1794,67,34,0.43,34,0.61,49,83,8425.975468,3682,0.290644,3.09,4
301,5,18,8,2,64,48,2,1,105,7,15,2457,92,37,0.54,37,0.53,51,88,8202.190585,3584,0.238995,3.14,9
302,4,22,15,1,54,62,0,1,105,15,7,2609,97,34,0.5,34,0.55,51,85,8111.933663,3545,0.251319,2.99,10
303,7,4,3,0,43,41,2,1,110,11,10,1698,63,32,0.46,32,0.58,49,81,8405.025343,3673,0.299458,3.09,8
304,4,15,3,0,69,38,1,1,98,14,7,1862,69,35,0.49,35,0.6,49,84,8142.783099,3558,0.257184,2.96,8
305,2,15,9,0,50,39,1,2,110,10,11,2589,97,34,0.49,34,0.51,51,85,8622.239831,3768,0.280737,3.12,6
306,5,11,8,1,55,68,1,1,121,11,11,2139,80,33,0.47,33,0.61,49,82,7897.355895,3451,0.243333,3.05,7
307,5,2,0,1,42,54,0,0,120,10,12,1925,72,35,0.5,35,0.52,51,86,8637.071253,3774,0.249021,3.24,9
308,3,1,3,1,44,69,0,2,98,14,7,1940,72,31,0.42,31,0.6,47,78,7942.189955,3471,0.227491,3.08,9
309,2,13,9,3,34,61,1,0,110,10,11,2324,87,34,0.46,34,0.55,49,83,8363.677758,3655,0.269246,3.04,6
310,4,18,7,0,35,40,0,0,68,17,4,2183,81,29,0.4,29,0.49,51,80,8725.210091,3813,0.307202,3.23,8
311,4,10,10,1,57,66,1,2,110,11,10,2429,91,32,0.46,32,0.62,49,81,7856.505195,3433,0.287088,2.95,7
312,0,18,5,2,68,40,0,1,121,11,11,2247,84,34,0.45,34,0.57,51,85,8222.764638,3593,0.270729,3.06,6
313,7,10,8,0,56,39,0,0,105,15,7,2235,83,34,0.43,34,0.51,52,86,8796.621436,3844,0.31286,3.13,9
314,0,22,6,2,68,62,0,1,110,11,10,2136,80,32,0.47,32,0.59,49,81,7816.50782,3416,0.240731,2.92,6
315,7,10,10,2,69,53,1,1,90,15,6,2316,86,32,0.44,32,0.58,51,83,8074.404864,3529,0.2139,3.08,7
316,6,3,1,0,34,46,2,2,112,14,8,1985,74,31,0.43,31,0.49,52,83,8702.67334,3803,0.312806,3.16,6
317,1,17,10,0,52,30,2,2,110,10,11,2048,76,34,0.51,34,0.51,50,84,8564.609168,3743,0.305397,3.15,15
318,1,7,9,1,62,51,2,1,110,10,11,2106,79,33,0.52,33,0.56,49,82,8009.691689,3500,0.252681,3.06,6
319,2,18,6,1,38,54,2,2,84,7,12,1907,71,35,0.48,35,0.48,52,87,8794.870911,3843,0.296215,3.36,8
320,4,17,14,0,39,33,1,0,112,14,8,2447,91,32,0.41,32,0.52,51,83,9104.630601,3979,0.28968,3.35,10
321,4,4,4,2,42,66,0,1,98,14,7,2088,78,30,0.43,30,0.6,49,79,8058.821385,3522,0.223073,3.08,7
322,0,0,13,2,66,58,1,0,98,14,7,2348,88,31,0.44,31,0.6,49,80,7822.783333,3419,0.287773,2.96,7
323,4,5,4,2,41,70,1,1,110,11,10,1869,70,32,0.45,32,0.6,50,82,8094.134217,3537,0.22354,3.08,5
324,4,5,6,0,67,30,2,1,110,11,10,1940,72,32,0.48,32,0.6,48,80,8312.622347,3633,0.31161,3.11,8
325,0,18,4,2,65,40,1,2,88,11,8,1943,72,38,0.49,38,0.56,51,89,8353.068616,3650,0.259844,3.12,7
326,5,10,14,2,68,47,2,2,112,14,8,1968,73,31,0.43,31,0.49,53,84,8399.796283,3671,0.265343,3.12,7
327,2,4,5,2,66,47,0,2,88,8,11,1815,68,33,0.47,33,0.52,51,84,8334.89185,3642,0.288388,3.12,11
328,3,1,13,2,33,56,1,1,98,14,7,2258,84,31,0.42,31,0.58,50,81,8429.158326,3684,0.306224,3.15,9
329,6,7,9,1,42,36,2,1,112,14,8,2417,90,31,0.43,31,0.53,52,83,8853.066862,3869,0.265808,3.28,8
330,6,8,3,2,69,44,2,1,110,10,11,2007,75,33,0.52,33,0.58,49,82,8098.155207,3539,0.250133,3.06,6
331,5,7,14,2,67,48,2,0,110,10,11,1953,73,33,0.55,33,0.5,50,83,8164.305206,3568,0.255052,3.06,9
332,3,1,11,3,47,31,2,2,98,14,7,2435,91,31,0.42,31,0.53,51,82,8851.179564,3868,0.290198,3.26,8
333,1,15,14,3,52,52,1,0,84,7,12,1917,71,34,0.51,34,0.52,51,85,8366.73674,3656,0.276131,2.95,12
334,5,14,5,1,41,45,0,2,110,10,11,2025,75,34,0.47,34,0.55,49,83,8489.355263,3710,0.283021,3.23,7
335,4,13,5,0,41,65,0,1,112,14,8,2496,93,32,0.43,32,0.58,50,82,8350.278905,3649,0.223717,3.09,8
336,3,17,13,1,39,54,2,1,112,14,8,2414,90,32,0.44,32,0.56,51,83,8520.249665,3723,0.282986,3.2,10
337,4,8,3,0,47,32,0,0,110,11,10,2307,86,32,0.44,32,0.43,53,85,8904.412132,3891,0.277486,3.26,8
338,5,11,14,2,69,45,2,2,88,11,8,1898,71,31,0.44,31,0.51,52,83,8342.285662,3646,0.273965,3.24,7
339,3,7,2,0,32,45,1,1,110,11,10,2048,76,32,0.42,32,0.56,50,82,8769.241048,3832,0.280708,3.4,8
340,4,11,15,0,65,43,1,1,90,15,6,2435,91,34,0.48,34,0.56,49,83,8446.758971,3691,0.33115,3.07,9
341,7,1,2,2,55,58,1,1,88,11,8,1742,65,34,0.44,34,0.6,50,84,8237.631682,3600,0.266117,3.1,7
342,3,21,15,2,50,32,0,1,77,11,7,1737,65,32,0.42,32,0.55,48,80,8527.369743,3726,0.296894,3.23,7
343,0,3,9,2,38,35,1,2,98,14,7,2159,80,30,0.43,30,0.5,51,81,8790.17264,3841,0.263695,3.26,7
344,2,18,2,1,31,41,1,1,120,10,12,2211,82,35,0.47,35,0.55,51,86,8932.373608,3903,0.262958,3.38,7
345,0,18,16,2,40,52,1,1,112,14,8,2084,78,31,0.45,31,0.55,51,82,8505.562234,3717,0.233132,3.31,9
346,6,20,9,2,33,43,1,1,88,8,11,1655,62,32,0.46,32,0.55,47,79,8515.410483,3721,0.249474,3.27,6
347,4,2,15,3,33,40,1,2,88,11,8,1853,69,34,0.43,34,0.58,49,83,8762.070879,3829,0.302968,3.35,7
348,4,17,15,1,68,47,2,1,121,11,11,2480,92,38,0.51,38,0.55,52,90,8218.350893,3591,0.239066,3.08,10
349,5,13,8,3,61,47,0,0,110,10,11,1904,71,34,0.49,34,0.48,52,86,8394.915285,3669,0.260117,2.95,11
350,3,8,6,1,58,67,1,1,110,11,10,2141,80,32,0.47,32,0.64,49,81,7802.716042,3410,0.222711,2.95,7
351,6,6,14,0,56,62,2,1,110,10,11,1995,74,33,0.48,33,0.53,51,84,8161.867957,3567,0.244765,2.94,7
352,1,14,9,2,55,50,1,1,110,10,11,1908,71,34,0.47,34,0.61,48,82,8084.377768,3533,0.248892,3.15,13
353,6,20,10,0,67,31,0,1,88,11,8,1677,63,30,0.48,30,0.62,45,75,7982.943648,3489,0.262999,2.96,6
354,5,11,2,1,46,31,2,1,121,11,11,2060,77,33,0.46,33,0.55,51,84,8871.306973,3877,0.276853,3.42,7
355,5,1,1,2,51,33,1,2,104,13,8,1878,70,32,0.48,32,0.58,48,80,8411.362941,3676,0.290727,3.23,9
356,4,3,15,3,43,50,2,0,105,15,7,2588,96,34,0.44,34,0.51,51,85,8565.201111,3743,0.259788,3.04,7
357,0,9,3,2,60,32,1,1,110,11,10,2090,78,32,0.43,32,0.56,50,82,8479.761786,3706,0.260641,3.19,9
358,5,20,1,1,45,65,0,0,112,14,8,1908,71,31,0.42,31,0.58,48,79,8040.61091,3514,0.278781,3.12,7
359,4,12,2,1,30,65,1,1,112,14,8,2051,76,32,0.43,32,0.56,51,83,8349.589849,3649,0.234957,3.1,9
360,3,6,7,1,53,40,0,1,72,18,4,2442,91,32,0.42,32,0.54,51,83,8530.853895,3728,0.27537,3.16,8
361,6,19,15,1,44,63,2,0,112,14,8,1836,68,31,0.41,31,0.55,51,82,8413.95609,3677,0.278593,3.25,7
362,1,4,9,1,46,59,1,0,98,7,14,2184,81,35,0.51,35,0.55,50,85,8209.836096,3588,0.262508,3.1,5
363,4,3,0,1,67,57,0,1,105,15,7,2088,78,35,0.52,35,0.61,49,84,8049.678041,3518,0.242265,3.05,9
364,5,8,7,1,65,51,1,1,88,8,11,1827,68,33,0.47,33,0.58,51,84,8258.250157,3609,0.244526,3.12,7
365,2,9,2,1,37,56,0,0,110,10,11,2172,81,33,0.46,33,0.49,51,84,8510.662068,3719,0.256345,3.2,5
366,6,0,4,1,62,53,0,0,104,13,8,1901,71,32,0.44,32,0.5,53,85,8440.466261,3688,0.260311,3.06,9
367,2,6,2,1,41,58,2,2,121,11,11,2432,91,33,0.44,33,0.48,52,85,8476.936199,3704,0.243721,3.23,6
368,2,1,10,0,38,37,1,2,104,13,8,1946,73,32,0.48,32,0.54,49,81,8631.628612,3772,0.288453,3.2,13
369,4,14,8,1,56,46,1,1,68,17,4,2319,86,29,0.41,29,0.49,52,81,8394.460085,3668,0.314149,3.1,6
370,3,21,5,1,65,42,1,0,77,11,7,1803,67,31,0.46,31,0.48,52,83,8447.020527,3691,0.260845,3.18,7
371,4,14,5,3,60,37,0,0,98,14,7,2118,79,31,0.43,31,0.57,48,79,8246.117047,3604,0.269835,2.96,8
372,1,19,5,0,40,55,1,0,110,10,11,1953,73,33,0.46,33,0.48,51,84,8502.309792,3716,0.266908,3.15,6
373,6,11,16,2,49,68,1,1,120,10,12,1944,72,35,0.5,35,0.6,49,84,8278.07323,3618,0.250255,3.12,11
374,3,9,8,2,65,57,1,1,98,14,7,1928,72,30,0.48,30,0.63,48,78,8001.202612,3497,0.238999,3.06,6
375,4,18,15,1,67,34,2,0,98,14,7,2066,77,35,0.5,35,0.52,51,86,8348.583103,3648,0.308382,3.09,12
376,3,6,10,1,35,61,1,1,105,15,7,2663,99,34,0.46,34,0.54,51,85,8281.013747,3619,0.231421,3.05,5
377,2,13,10,3,66,54,0,1,104,13,8,1986,74,32,0.49,32,0.58,50,82,8119.129772,3548,0.252934,2.96,12
378,1,15,2,0,57,54,1,2,84,7,12,2066,77,35,0.46,35,0.55,51,86,8414.585055,3677,0.287779,3.1,6
379,0,22,7,2,35,52,2,1,98,14,7,2042,76,30,0.43,30,0.54,51,81,8455.222619,3695,0.287816,3.12,7
380,4,4,9,1,47,36,2,0,77,11,7,1719,64,29,0.44,29,0.5,48,77,8345.59596,3647,0.278753,3.12,7
381,2,19,4,0,62,49,1,1,110,10,11,2201,82,33,0.48,33,0.58,49,82,8309.03398,3631,0.238239,3.08,6
382,6,19,1,3,46,32,0,0,88,11,8,1749,65,32,0.44,32,0.5,50,82,8764.908396,3830,0.288925,3.39,6
383,1,20,5,1,67,50,1,2,88,8,11,1812,68,33,0.45,33,0.54,52,85,8235.956985,3599,0.284311,3.12,7
384,4,9,10,1,44,59,1,1,77,11,7,1763,66,32,0.49,32,0.6,48,80,8098.115003,3539,0.250571,3.11,9
385,0,15,9,2,31,48,1,1,88,11,8,1922,72,34,0.43,34,0.57,50,84,8671.782811,3790,0.272836,3.29,7
386,6,8,6,2,65,39,1,0,110,10,11,2046,76,33,0.48,33,0.55,49,82,8347.136453,3648,0.274254,3.21,6
387,6,12,2,0,34,46,1,0,110,10,11,1788,67,34,0.49,34,0.48,53,87,8766.316701,3831,0.284372,3.15,10
388,1,13,7,1,47,61,0,1,80,10,8,1658,62,32,0.47,32,0.57,48,80,8089.963157,3535,0.245882,3.08,6
389,0,16,1,2,54,65,2,2,112,14,8,2442,91,31,0.45,31,0.51,53,84,8135.172787,3555,0.240495,3.12,8
390,2,7,12,3,46,59,1,0,80,8,10,1790,67,30,0.46,30,0.5,48,78,8029.3603,3509,0.273402,2.93,7
391,4,6,5,1,69,55,0,2,105,15,7,2258,84,34,0.46,34,0.56,50,84,8086.031696,3534,0.298235,3.04,7
392,3,8,7,0,57,50,1,2,98,14,7,2397,89,30,0.43,30,0.54,50,80,8331.185192,3641,0.298847,2.96,7
393,3,14,5,1,63,46,0,0,98,14,7,2250,84,35,0.5,35,0.56,48,83,8105.901758,3542,0.272901,3.07,8
394,2,16,7,1,50,52,1,1,84,7,12,2004,75,35,0.48,35,0.6,49,84,8197.07447,3582,0.246138,3.14,9
395,4,15,7,1,68,39,1,2,68,17,4,2126,79,29,0.43,29,0.59,48,77,8242.406935,3602,0.371299,3.1,7
396,6,9,7,1,44,54,1,1,112,14,8,1952,73,31,0.46,31,0.54,51,82,8571.704742,3746,0.242063,3.27,6
397,4,0,3,2,53,31,0,1,112,14,8,2078,77,31,0.41,31,0.54,51,82,8764.542816,3830,0.270953,3.36,8
398,5,17,10,2,40,31,1,1,104,13,8,2148,80,32,0.46,32,0.54,50,82,8729.248188,3815,0.274101,3.24,6
399,0,1,7,2,61,62,0,1,121,11,11,2276,85,34,0.48,34,0.56,51,85,8146.591911,3560,0.255673,3.03,6
400,0,11,8,1,31,40,0,2,98,14,7,2078,77,30,0.41,30,0.51,51,81,8691.203999,3798,0.257706,3.22,7
401,2,4,5,2,37,35,2,0,88,8,11,1818,68,33,0.44,33,0.51,51,84,8817.694993,3853,0.290288,3.28,11
402,5,3,12,2,52,68,0,2,121,11,11,2232,83,33,0.47,33,0.53,51,84,8073.84362,3528,0.240819,3.06,7
403,3,17,13,2,48,65,1,2,112,14,8,2334,87,32,0.44,32,0.58,49,81,8147.844868,3561,0.25356,3.12,9
404,4,13,6,1,62,38,0,1,88,11,8,2030,76,32,0.39,32,0.58,51,83,8466.603591,3700,0.301047,3.26,9
405,2,7,6,0,61,38,1,1,80,10,8,1842,69,30,0.47,30,0.49,49,79,8342.410534,3646,0.264863,3.06,9
406,5,7,6,1,69,68,2,1,110,10,11,2243,84,33,0.55,33,0.59,48,81,7674.261245,3354,0.236904,3.02,6
407,0,4,3,1,54,37,0,1,110,11,10,1734,65,32,0.44,32,0.55,51,83,8538.244121,3731,0.292037,3.25,7
408,5,13,6,2,37,69,2,1,110,10,11,2204,82,34,0.47,34,0.58,49,83,8111.940298,3545,0.271707,3.12,7
409,7,21,12,2,36,51,1,1,72,18,4,2463,92,32,0.42,32,0.52,52,84,8558.974093,3740,0.250668,3.25,9
410,3,22,16,2,43,62,2,0,72,18,4,2426,90,32,0.42,32,0.57,51,83,8239.453246,3601,0.263102,3.1,9
411,1,10,9,3,55,53,2,1,112,14,8,2021,75,31,0.44,31,0.58,50,81,8236.701122,3599,0.246708,3.04,7
412,4,10,9,2,51,55,1,2,77,11,7,1740,65,32,0.44,32,0.58,49,81,8089.126019,3535,0.296512,3.06,9
413,3,12,9,3,46,52,0,2,112,14,8,2087,78,31,0.44,31,0.53,51,82,8531.810282,3728,0.275451,3.14,9
414,7,15,10,2,41,61,0,2,112,14,8,2237,83,32,0.43,32,0.54,50,82,8399.37433,3671,0.274881,3.25,7
415,3,8,4,2,52,52,2,2,98,14,7,2387,89,30,0.43,30,0.51,51,81,8229.76139,3596,0.296395,3.08,10
416,1,7,5,2,54,35,1,1,110,10,11,2019,75,33,0.51,33,0.61,48,81,8409.611449,3675,0.262123,3.23,7
417,5,3,1,3,70,63,1,0,112,14,8,2046,76,31,0.43,31,0.56,50,81,7988.693078,3491,0.261536,2.87,9
418,5,10,13,1,35,45,1,2,88,11,8,1842,69,31,0.41,31,0.52,50,81,8691.60163,3798,0.281058,3.35,7
419,2,7,15,1,38,36,1,0,88,11,8,1766,66,30,0.47,30,0.49,49,79,8502.273069,3715,0.29115,3.21,9
420,3,11,9,1,46,30,1,2,105,15,7,2351,88,34,0.44,34,0.52,52,86,8867.701263,3875,0.280328,3.27,9
421,1,8,4,2,35,43,0,1,110,10,11,2235,83,33,0.47,33,0.52,51,84,8711.8802,3807,0.24947,3.25,7
422,1,13,1,2,34,47,1,0,110,10,11,2103,78,33,0.46,33,0.48,52,85,8762.921403,3829,0.271399,3.22,7
423,0,13,6,1,49,51,1,1,98,14,7,1871,70,31,0.43,31,0.57,50,81,8428.602452,3683,0.225486,3.23,8
424,5,20,3,3,69,44,2,1,121,11,11,1955,73,33,0.46,33,0.56,51,84,8307.957808,3631,0.256332,2.99,7
425,2,10,14,1,51,60,0,0,121,11,11,2030,76,33,0.44,33,0.52,51,84,8278.49264,3618,0.246472,3.15,8
426,6,16,5,1,41,70,0,1,110,10,11,1911,71,34,0.48,34,0.59,49,83,8123.85982,3550,0.242512,3.12,9
427,5,18,8,2,42,41,0,1,105,7,15,2450,91,37,0.51,37,0.52,51,88,8679.415593,3793,0.27598,3.25,7
428,2,8,6,3,38,58,2,2,77,7,11,1820,68,33,0.47,33,0.53,51,84,8337.121219,3643,0.251009,2.96,9
429,5,22,11,1,51,67,2,1,80,10,8,1782,66,32,0.46,32,0.56,50,82,7932.167844,3466,0.248714,2.95,10
430,4,0,13,1,40,68,0,1,121,11,11,2177,81,34,0.47,34,0.58,50,84,8209.727637,3588,0.236334,3.1,8
431,7,8,10,3,32,55,1,1,72,18,4,2420,90,32,0.4,32,0.54,51,83,8550.296994,3736,0.284379,3.06,7
432,5,6,7,2,66,56,0,0,110,11,10,1964,73,32,0.46,32,0.54,50,82,8084.94987,3533,0.269976,3.11,7
433,3,10,4,0,32,63,2,0,98,14,7,2366,88,30,0.43,30,0.55,50,80,8435.162368,3686,0.234307,3.08,8
434,5,7,15,2,55,54,1,1,110,10,11,2009,75,33,0.49,33,0.6,48,81,8033.842708,3511,0.260879,3.06,10
435,5,9,15,1,52,39,1,1,98,7,14,1994,74,35,0.5,35,0.59,48,83,8428.734761,3683,0.2764,3.23,10
436,2,12,1,1,45,56,1,0,108,9,12,2172,81,35,0.47,35,0.53,50,85,8499.496348,3714,0.255596,3.26,12
437,2,17,0,1,50,37,1,2,104,13,8,2255,84,32,0.44,32,0.52,51,83,8507.535031,3718,0.27476,3.18,7
438,3,13,7,3,66,58,2,1,121,11,11,2477,92,34,0.5,34,0.56,51,85,8234.207243,3598,0.24927,2.96,7
439,5,8,0,0,34,55,2,2,88,11,8,1805,67,31,0.44,31,0.45,53,84,8681.719971,3794,0.264564,3.18,7
440,6,7,12,2,39,33,2,1,88,11,8,2151,80,31,0.43,31,0.47,52,83,8908.569742,3893,0.264059,3.28,7
441,6,13,6,1,57,68,1,1,80,10,8,1613,60,32,0.48,32,0.62,48,80,7815.486591,3415,0.247574,2.96,6
442,2,0,6,1,41,52,1,1,84,7,12,2147,80,36,0.47,36,0.55,50,86,8495.834938,3713,0.251338,3.2,11
443,0,12,8,1,30,49,1,1,88,11,8,2051,76,34,0.45,34,0.59,49,83,8585.480915,3752,0.279894,3.28,7
444,6,14,9,1,51,51,1,2,120,10,12,2564,96,35,0.49,35,0.54,50,85,8255.946689,3608,0.311494,3.14,6
445,3,20,4,1,40,57,0,0,88,11,8,1991,74,34,0.45,34,0.5,51,85,8528.518387,3727,0.234451,3.24,7
446,4,15,4,2,33,43,1,1,98,14,7,2117,79,31,0.42,31,0.56,50,81,8551.798335,3737,0.222769,3.16,7
447,2,19,9,2,41,40,1,1,110,10,11,2357,88,33,0.47,33,0.58,49,82,8540.996527,3732,0.256255,3.27,7
448,4,19,3,3,37,60,0,2,121,11,11,2280,85,34,0.43,34,0.53,52,86,8696.672574,3800,0.284653,3.08,8
449,1,2,11,0,36,45,1,1,88,11,8,1806,67,33,0.49,33,0.55,51,84,8830.557459,3859,0.248235,3.21,10
450,3,9,2,1,62,56,1,2,110,11,10,1938,72,32,0.45,32,0.55,51,83,8103.262129,3541,0.26362,3.11,9
451,4,18,15,2,38,65,1,0,98,14,7,1806,67,31,0.41,31,0.6,47,78,8060.739582,3523,0.240793,3.08,8
452,2,9,4,0,37,50,1,2,110,10,11,2504,93,33,0.51,33,0.54,50,83,8477.089047,3704,0.287502,3.16,6
453,3,4,10,2,31,48,2,0,110,11,10,1953,73,32,0.43,32,0.53,50,82,8573.390801,3747,0.257266,3.21,7
454,0,11,8,3,41,40,1,2,98,14,7,2063,77,30,0.43,30,0.53,49,79,8576.681358,3748,0.259741,3.16,6
455,6,5,15,2,56,50,1,1,121,11,11,2064,77,33,0.46,33,0.53,53,86,8418.374851,3679,0.245142,3.13,6
456,1,4,9,3,37,64,1,0,98,7,14,2111,79,34,0.52,34,0.54,50,84,8383.148652,3663,0.270482,3.05,12
457,4,4,6,1,49,69,1,1,98,14,7,2129,79,30,0.43,30,0.61,49,79,7975.918617,3485,0.223958,3.07,6
458,5,15,9,3,45,49,0,1,80,10,8,1793,67,32,0.45,32,0.55,50,82,8562.131622,3742,0.242011,3.1,6
460,3,16,16,1,68,69,2,2,112,14,8,2238,83,32,0.45,32,0.57,51,83,7743.214858,3384,0.261957,2.93,9
461,3,6,3,2,49,55,1,1,105,15,7,2060,77,34,0.45,34,0.57,51,85,8471.794853,3702,0.231094,3.14,5
462,6,4,14,1,65,62,1,0,77,7,11,1827,68,33,0.45,33,0.57,50,83,7834.882807,3424,0.277143,2.94,7
463,1,2,6,2,56,61,1,2,112,14,8,2402,90,31,0.44,31,0.53,52,83,8174.57128,3572,0.250018,3.08,7
464,1,10,4,1,37,63,1,2,112,14,8,2126,79,31,0.45,31,0.55,50,81,8283.210174,3620,0.271796,3.24,8
465,7,14,13,1,43,40,1,0,112,14,8,2070,77,32,0.42,32,0.51,52,84,8682.694717,3794,0.318999,3.24,9
466,2,8,13,1,55,67,2,1,110,10,11,2138,80,33,0.49,33,0.6,49,82,7896.76896,3451,0.252622,3.06,5
467,4,4,10,1,59,52,1,1,110,11,10,2027,76,37,0.51,37,0.64,48,85,7972.290282,3484,0.254333,3.02,11
468,5,1,5,1,41,34,1,1,110,10,11,2039,76,34,0.45,34,0.56,50,84,8737.751845,3818,0.262641,3.27,6
469,3,14,16,1,51,35,1,0,98,14,7,1886,70,35,0.48,35,0.56,49,84,8534.958002,3730,0.298224,3.21,9
470,5,12,10,1,61,53,0,2,84,7,12,1857,69,36,0.51,36,0.49,52,88,8384.491247,3664,0.263026,3.12,12
471,3,19,1,0,61,59,1,1,112,14,8,2151,80,32,0.45,32,0.58,51,83,8107.327606,3543,0.272095,2.95,7
472,3,2,6,1,68,54,2,1,112,14,8,2282,85,32,0.48,32,0.58,51,83,8272.41483,3615,0.237536,3.12,8
473,6,3,1,1,43,68,0,0,112,14,8,1910,71,31,0.43,31,0.53,50,81,8280.048286,3618,0.283736,3.15,6
474,2,19,13,3,54,54,2,1,110,10,11,1919,72,33,0.51,33,0.53,50,83,8274.559027,3616,0.241469,3.06,10
475,3,13,16,1,40,64,2,0,104,13,8,2283,85,32,0.41,32,0.55,50,82,8233.140273,3598,0.226003,3.15,10
476,6,3,14,2,59,33,0,2,88,11,8,1722,64,33,0.45,33,0.54,51,84,8716.046687,3809,0.271504,3.25,8
477,5,6,8,3,42,61,0,1,121,11,11,2406,90,33,0.47,33,0.56,50,83,8485.944729,3708,0.251559,3.04,7
478,1,8,6,2,40,43,1,0,110,10,11,1956,73,33,0.47,33,0.52,50,83,8472.090277,3702,0.280389,3.2,9
479,1,2,11,3,63,56,0,1,88,11,8,1778,66,33,0.46,33,0.57,49,82,8057.887617,3521,0.237871,2.96,9
480,6,21,5,1,48,57,1,1,98,7,14,1958,73,35,0.5,35,0.59,49,84,8311.999045,3632,0.253632,3.2,7
481,0,4,12,3,56,42,1,0,110,11,10,1817,68,32,0.44,32,0.55,51,83,8388.638514,3666,0.35005,2.95,8
482,6,9,1,2,69,49,1,0,88,11,8,1832,68,33,0.44,33,0.55,52,85,8323.827128,3638,0.260329,3.12,7
483,1,3,12,3,37,50,2,1,121,11,11,2184,81,33,0.47,33,0.56,50,83,8524.532266,3725,0.258805,3.09,10
484,3,4,4,1,36,69,0,1,98,14,7,2090,78,30,0.43,30,0.6,49,79,8128.928894,3552,0.224742,3.08,8
485,6,15,15,1,48,38,1,2,80,10,8,1556,58,32,0.44,32,0.49,50,82,8736.533456,3818,0.30013,3.25,9
486,4,9,0,2,47,43,1,1,110,11,10,1776,66,32,0.43,32,0.6,49,81,8608.386791,3762,0.273544,3.23,7
487,3,4,1,3,66,57,1,1,98,14,7,1997,74,30,0.44,30,0.58,50,80,8093.340116,3537,0.271839,2.95,8
488,1,10,15,1,54,61,2,1,121,11,11,1917,71,33,0.45,33,0.58,50,83,8167.484499,3569,0.237349,3.14,7
489,6,8,12,3,48,58,0,1,77,7,11,1814,68,33,0.49,33,0.52,49,82,8181.721248,3575,0.243491,2.99,8
490,6,3,11,3,31,52,2,2,121,11,11,2144,80,33,0.47,33,0.5,52,85,8818.949878,3854,0.276546,3.24,7
491,7,16,12,0,60,58,2,2,121,11,11,2736,102,34,0.49,34,0.51,52,86,8293.591882,3624,0.250278,2.96,9
492,5,11,11,1,64,53,1,0,121,11,11,2001,75,33,0.44,33,0.55,50,83,8141.576354,3558,0.24555,3.07,8
493,0,1,5,3,57,59,1,1,112,14,8,2072,77,32,0.46,32,0.62,50,82,8145.615585,3560,0.281969,2.96,6
494,3,17,15,2,48,35,1,1,121,11,11,2412,90,38,0.51,38,0.56,50,88,8698.518632,3801,0.284173,3.23,11
495,7,21,11,2,31,63,2,1,105,15,7,2649,99,34,0.4,34,0.56,51,85,8430.451106,3684,0.241681,3.14,9
496,6,7,10,1,44,34,1,0,121,11,11,2303,86,33,0.46,33,0.53,51,84,8799.818979,3846,0.278021,3.27,8
497,2,13,7,0,67,63,0,1,110,10,11,2333,87,34,0.49,34,0.6,49,83,7840.300085,3426,0.251565,2.87,5
498,5,6,1,0,69,40,0,1,112,14,8,2147,80,31,0.45,31,0.58,50,81,8355.103472,3651,0.259151,3.08,6
499,4,22,8,3,40,32,1,1,105,15,7,2118,79,34,0.43,34,0.53,51,85,8973.738606,3922,0.326623,3.37,10
500,6,8,4,1,39,68,1,0,110,10,11,1857,69,33,0.47,33,0.53,51,84,8334.093962,3642,0.268236,3.1,11
501,1,1,11,2,32,33,0,2,80,10,8,1799,67,34,0.48,34,0.52,50,84,8828.569132,3858,0.308306,3.29,12
502,5,17,15,1,57,52,2,1,104,13,8,1958,73,32,0.45,32,0.52,52,84,8380.977196,3662,0.222425,3.1,8
503,0,12,5,2,52,60,1,2,121,11,11,2153,80,34,0.44,34,0.55,52,86,8342.202131,3646,0.265914,3.12,9
504,4,6,8,0,57,33,0,2,90,15,6,2055,77,33,0.44,33,0.52,50,83,8748.415231,3823,0.371831,3.17,6
505,6,3,6,0,65,38,1,1,112,14,8,2067,77,31,0.46,31,0.6,49,80,8343.84969,3646,0.274769,3.06,7
506,5,3,7,3,59,37,0,1,112,14,8,2201,82,31,0.45,31,0.56,49,80,8552.755026,3738,0.275206,3.16,6
507,1,22,16,0,34,45,2,0,120,10,12,1991,74,35,0.51,35,0.49,53,88,8850.302162,3868,0.259882,3.24,14
508,3,16,15,2,62,31,1,1,88,11,8,2016,75,32,0.41,32,0.56,49,81,8563.119753,3742,0.31896,3.28,7
509,2,6,6,2,60,69,0,2,121,11,11,2307,86,33,0.46,33,0.52,50,83,7980.13112,3487,0.229127,3.04,6
510,3,2,9,0,37,37,0,1,88,11,8,1877,70,32,0.39,32,0.56,50,82,8715.943404,3809,0.303859,3.22,8
511,3,19,12,1,69,69,2,0,121,11,11,2379,89,34,0.44,34,0.57,51,85,7838.271781,3425,0.225498,2.95,7
512,1,6,13,3,30,31,2,0,112,14,8,2165,81,31,0.47,31,0.46,54,85,9287.466311,4059,0.290963,3.54,10
513,1,4,4,1,57,52,1,0,110,10,11,2157,80,33,0.51,33,0.52,51,84,8270.613493,3614,0.251675,3.1,7
514,3,7,12,1,34,66,1,1,98,14,7,2048,76,30,0.42,30,0.54,51,81,8162.949907,3567,0.231026,3.06,9
515,6,21,15,2,52,49,1,1,110,10,11,1718,64,33,0.51,33,0.59,49,82,8430.746537,3684,0.276343,3.21,9
516,1,12,16,2,43,47,2,2,80,10,8,1641,61,32,0.48,32,0.5,50,82,8550.187878,3736,0.27308,3.2,12
517,1,12,4,2,42,54,2,0,104,13,8,2193,82,32,0.45,32,0.49,51,83,8405.711363,3673,0.252636,3.12,9
518,3,21,6,1,38,37,1,2,110,11,10,1712,64,32,0.45,32,0.55,49,81,8668.706624,3788,0.273516,3.26,6
519,6,13,14,1,62,48,2,2,110,10,11,1898,71,34,0.48,34,0.54,50,84,8348.782297,3648,0.277758,3.12,7
520,3,17,14,2,34,43,1,2,112,14,8,2412,90,32,0.42,32,0.54,50,82,8636.228073,3774,0.274688,3.28,12
521,1,6,1,2,37,42,1,2,88,11,8,1809,67,33,0.44,33,0.49,51,84,8891.694977,3886,0.285799,3.38,9
522,3,5,9,1,66,39,1,0,110,11,10,2141,80,32,0.46,32,0.5,51,83,8397.147346,3670,0.259937,3.17,8
523,6,19,12,1,35,59,1,2,121,11,11,2178,81,33,0.47,33,0.52,52,85,8568.541269,3744,0.282427,3.28,9
524,3,18,15,2,45,69,2,1,98,14,7,1935,72,31,0.42,31,0.56,51,82,8094.654569,3537,0.221749,2.96,7
525,1,8,2,3,50,59,0,1,77,7,11,1799,67,33,0.51,33,0.52,50,83,8116.49,3547,0.233942,2.96,9
526,2,11,7,2,66,67,0,1,121,11,11,2078,77,33,0.48,33,0.62,49,82,7885.583394,3446,0.245367,3.06,8
527,2,5,5,2,70,70,1,1,77,7,11,1739,65,33,0.46,33,0.61,49,82,7714.602498,3371,0.23051,2.92,8
528,2,5,9,2,65,46,1,0,98,7,14,2373,88,34,0.51,34,0.52,51,85,8193.623654,3581,0.244064,3.06,9
529,4,11,14,1,60,39,1,1,105,15,7,2499,93,34,0.45,34,0.54,52,86,8507.813759,3718,0.326258,3.12,9
530,6,19,1,0,59,56,2,2,88,11,8,1769,66,32,0.44,32,0.5,52,84,8252.481429,3606,0.264783,2.95,7
531,4,6,14,3,31,65,2,1,105,15,7,2673,100,34,0.45,34,0.52,52,86,8566.426113,3744,0.224545,3.03,5
532,3,17,5,0,69,70,1,1,88,11,8,2070,77,32,0.48,32,0.64,49,81,7756.309022,3390,0.225114,2.82,9
533,4,4,10,3,42,45,1,2,110,11,10,1892,71,32,0.44,32,0.6,47,79,8491.37144,3711,0.302349,3.16,9
534,2,20,13,1,64,65,0,0,88,11,8,2043,76,31,0.4,31,0.51,53,84,8177.09653,3573,0.246074,3.07,10
535,6,0,1,3,33,68,1,0,80,10,8,1707,64,34,0.48,34,0.58,50,84,8299.369092,3627,0.248282,2.96,10
536,3,2,13,1,59,42,1,1,104,13,8,2102,78,32,0.44,32,0.57,52,84,8492.194327,3711,0.309749,3.3,7
537,4,19,0,0,49,48,1,2,88,11,8,1983,74,38,0.5,38,0.6,49,87,8405.758983,3673,0.282267,3.05,8
538,5,3,7,1,50,67,2,1,112,14,8,2309,86,31,0.48,31,0.55,52,83,8225.560569,3595,0.252105,3.14,7
539,6,10,11,0,44,59,2,1,88,11,8,2018,75,31,0.46,31,0.53,51,82,8443.993385,3690,0.237398,3.09,6
540,6,2,11,3,50,56,1,2,112,14,8,2144,80,31,0.47,31,0.52,51,82,8324.065046,3638,0.294067,3.04,6
541,6,19,3,2,64,68,0,0,112,14,8,1995,74,31,0.44,31,0.62,48,79,7832.586292,3423,0.238137,3.08,6
542,0,13,2,3,59,45,1,0,98,14,7,1926,72,31,0.43,31,0.53,50,81,8234.330814,3598,0.29626,2.95,8
543,7,4,4,1,30,49,2,1,98,14,7,1965,73,30,0.43,30,0.6,49,79,8484.252461,3708,0.3031,3.21,6
544,1,9,10,1,33,38,2,2,80,8,10,1815,68,32,0.45,32,0.46,50,82,8729.474273,3815,0.283302,3.26,8
545,1,22,12,2,61,33,0,1,105,7,15,2199,82,37,0.51,37,0.57,50,87,8605.25931,3760,0.272338,3.26,11
546,6,10,7,0,59,59,1,1,88,8,11,1815,68,33,0.49,33,0.6,50,83,8133.976825,3555,0.235717,2.99,7
547,7,21,8,2,50,32,2,2,72,18,4,2414,90,32,0.42,32,0.51,52,84,8872.880331,3877,0.327245,3.35,9
548,7,6,2,1,43,69,1,1,110,11,10,1785,67,32,0.46,32,0.6,50,82,8050.778544,3518,0.260113,3.04,7
549,2,18,11,2,59,52,0,1,105,7,15,2477,92,37,0.5,37,0.59,49,86,8039.309332,3513,0.249397,3.05,5
550,3,18,1,0,62,56,0,2,98,14,7,2127,79,31,0.42,31,0.56,50,81,8045.615031,3516,0.308048,2.98,10
551,4,21,10,1,59,47,2,1,98,14,7,2019,75,30,0.47,30,0.59,50,80,8233.827467,3598,0.231602,3.12,6
552,6,10,15,0,59,66,0,0,80,10,8,1677,63,31,0.43,31,0.53,51,82,8133.68559,3554,0.268503,2.96,6
553,6,17,6,0,68,60,2,2,80,10,8,1662,62,32,0.48,32,0.54,50,82,7869.233475,3439,0.245885,2.84,6
554,0,16,10,1,40,60,2,2,112,14,8,2654,99,32,0.44,32,0.5,52,84,8403.624397,3672,0.260622,3.12,6
555,0,2,8,0,42,67,2,0,121,11,11,2184,81,34,0.43,34,0.57,50,84,8180.833041,3575,0.264886,3.08,9
556,5,3,8,2,49,63,2,2,121,11,11,2154,80,33,0.48,33,0.45,53,86,8460.219761,3697,0.243953,3.12,7
557,4,2,13,0,69,46,1,1,104,13,8,2103,78,32,0.45,32,0.59,52,84,8143.758426,3559,0.276701,2.98,7
558,3,2,6,2,60,64,2,1,112,14,8,2297,86,32,0.43,32,0.57,50,82,8083.744331,3533,0.223918,2.95,7
559,7,15,12,0,43,47,0,0,121,11,11,2121,79,34,0.48,34,0.54,50,84,8593.020845,3755,0.351803,3.15,7
560,5,15,14,2,57,66,1,0,110,10,11,1982,74,33,0.49,33,0.58,50,83,8027.997933,3508,0.285154,2.98,8
561,1,18,10,3,63,44,2,0,105,7,15,2405,90,37,0.56,37,0.51,53,90,8375.04684,3660,0.269177,2.93,6
562,5,0,11,2,34,52,1,2,80,10,8,1826,68,32,0.42,32,0.57,48,80,8279.152797,3618,0.278653,3.17,5
563,5,9,1,2,67,47,1,0,110,10,11,1920,72,33,0.54,33,0.54,50,83,8196.461453,3582,0.266908,3.12,11
564,6,11,9,0,43,57,1,2,105,7,15,2249,84,37,0.5,37,0.54,52,89,8642.373825,3777,0.265346,3.2,10
565,1,12,7,2,68,69,1,1,110,10,11,1902,71,34,0.49,34,0.63,49,83,7766.490291,3394,0.244079,3.02,14
566,1,1,3,2,35,53,2,1,110,10,11,1931,72,34,0.5,34,0.58,49,83,8403.187879,3672,0.246616,3.15,13
567,3,5,2,2,68,68,2,1,98,14,7,2040,76,30,0.44,30,0.57,51,81,7780.987473,3400,0.221255,2.85,5
568,7,3,10,1,34,48,1,2,110,11,10,2084,78,32,0.45,32,0.55,50,82,8515.666101,3721,0.247461,3.21,9
569,7,2,6,1,57,62,2,0,112,14,8,1940,72,32,0.43,32,0.55,51,83,8284.186934,3620,0.327163,3.15,7
570,7,13,15,2,32,51,1,2,98,14,7,1935,72,31,0.4,31,0.55,49,80,8455.382055,3695,0.2898,3.24,9
571,1,16,8,0,45,47,1,1,104,13,8,2315,86,32,0.46,32,0.55,50,82,8635.011585,3774,0.276108,3.12,6
572,4,10,15,1,39,30,1,1,98,14,7,2202,82,30,0.42,30,0.54,50,80,8756.199924,3826,0.331369,3.27,9
573,2,22,5,1,62,55,1,1,84,7,12,1724,64,35,0.5,35,0.6,48,83,8239.945907,3601,0.256964,3.25,13
574,3,7,3,0,46,48,1,2,98,14,7,2156,80,30,0.43,30,0.54,50,80,8555.124861,3739,0.277038,3.18,7
575,2,1,7,2,58,40,1,0,110,10,11,2348,88,34,0.46,34,0.54,50,84,8241.484047,3602,0.280214,3.14,8
576,2,9,13,1,61,34,0,2,110,10,11,2183,81,33,0.49,33,0.53,51,84,8430.395674,3684,0.281698,3.2,7
577,1,14,14,2,36,66,1,0,104,13,8,1926,72,32,0.45,32,0.51,51,83,8366.626878,3656,0.259595,3.11,10
578,4,2,4,2,35,68,0,1,112,14,8,2246,84,32,0.45,32,0.57,51,83,8194.519336,3581,0.223359,3.1,6
579,6,4,7,0,36,37,2,0,110,10,11,1916,71,33,0.46,33,0.49,51,84,8778.355576,3836,0.288811,3.25,6
580,5,6,13,2,59,44,1,0,112,14,8,2157,80,31,0.46,31,0.5,52,83,8526.111283,3726,0.280434,3.26,9
581,3,1,12,2,68,67,0,0,98,14,7,1832,68,31,0.44,31,0.64,45,76,7474.445832,3266,0.268189,2.9,8
582,4,10,16,3,43,43,1,2,110,11,10,2211,82,32,0.44,32,0.59,49,81,8566.541898,3744,0.287473,3.14,7
583,2,6,15,0,64,47,2,2,112,14,8,2408,90,31,0.48,31,0.49,52,83,8485.107457,3708,0.244035,3.08,8
584,6,21,7,0,62,34,1,1,110,10,11,1910,71,33,0.48,33,0.54,50,83,8360.992503,3654,0.268851,3.06,8
585,4,1,3,0,47,42,2,1,98,14,7,2093,78,31,0.43,31,0.51,52,83,8629.677532,3771,0.36959,3.18,9
586,4,6,12,2,54,34,1,0,90,15,6,2231,83,32,0.42,32,0.51,52,84,8643.11112,3777,0.212079,3.28,5
587,6,3,8,1,62,33,0,1,121,11,11,2289,85,33,0.47,33,0.53,52,85,8754.565765,3826,0.262236,3.25,7
588,3,10,15,1,70,42,0,1,98,14,7,2198,82,30,0.43,30,0.56,50,80,8218.993667,3592,0.328341,3.1,10
589,4,9,9,3,37,52,1,1,110,11,10,1922,72,32,0.48,32,0.59,48,80,8295.761234,3625,0.250027,3.16,6
590,6,2,8,0,56,44,2,2,121,11,11,2465,92,33,0.46,33,0.48,52,85,8673.221045,3790,0.278845,3.1,6
591,4,7,4,2,63,41,1,2,110,11,10,2073,77,32,0.44,32,0.59,49,81,8240.549551,3601,0.278296,3.1,9
592,4,9,15,1,43,57,2,2,98,14,7,1905,71,30,0.44,30,0.51,51,81,8281.599911,3619,0.258837,3.12,8
593,4,14,6,1,64,44,1,1,98,14,7,2211,82,35,0.5,35,0.58,50,85,8289.783016,3623,0.360712,3.09,9
594,1,1,6,2,64,37,2,0,110,10,11,1982,74,34,0.52,34,0.53,51,85,8347.144124,3648,0.281353,3.12,13
595,5,16,2,1,45,32,2,1,120,10,12,2273,85,35,0.48,35,0.56,50,85,8818.145037,3854,0.272393,3.41,8
596,1,19,12,1,56,64,0,0,110,10,11,1892,71,33,0.49,33,0.53,52,85,8133.473395,3554,0.258695,2.96,12
597,2,9,2,0,67,50,0,0,110,10,11,2136,80,33,0.48,33,0.54,50,83,8079.851791,3531,0.258191,2.93,5
598,6,14,6,2,36,66,2,1,105,7,15,2433,91,37,0.48,37,0.52,52,89,8680.203059,3793,0.232632,3.24,8
599,6,12,4,1,61,41,1,1,104,13,8,1814,68,32,0.47,32,0.58,49,81,8383.274072,3663,0.26526,3.25,10
600,4,15,16,2,31,67,1,0,68,17,4,1955,73,29,0.4,29,0.62,46,75,7878.305056,3443,0.237553,3.08,6
601,4,4,14,2,67,39,0,0,77,11,7,1764,66,32,0.5,32,0.52,49,81,8149.345906,3561,0.279436,3.11,8
602,5,0,7,1,60,64,1,0,80,10,8,1637,61,32,0.46,32,0.54,51,83,8055.739722,3520,0.259562,2.96,10
603,6,19,4,3,33,63,1,1,112,14,8,1926,72,31,0.41,31,0.58,50,81,8475.971825,3704,0.232916,3.14,7
604,4,0,14,2,50,56,1,1,112,14,8,1913,71,32,0.45,32,0.59,51,83,8294.269327,3625,0.256137,3.08,8
605,4,7,8,1,58,31,2,1,77,11,7,1899,71,31,0.45,31,0.52,51,82,8563.045579,3742,0.283323,3.18,10
606,4,11,6,0,42,37,1,1,105,15,7,2250,84,34,0.46,34,0.55,51,85,8731.915613,3816,0.329891,3.19,9
607,2,3,4,1,53,48,1,1,112,14,8,2387,89,31,0.47,31,0.58,51,82,8419.465395,3679,0.237418,3.25,11
608,3,13,14,2,62,31,1,1,112,14,8,2421,90,32,0.43,32,0.53,52,84,8767.346847,3831,0.329918,3.28,10
609,5,3,1,2,45,38,2,1,112,14,8,2112,79,31,0.44,31,0.51,52,83,8827.984322,3858,0.262365,3.37,9
610,7,15,8,1,51,42,1,1,104,13,8,1902,71,32,0.41,32,0.59,50,82,8402.419964,3672,0.288815,3.14,7
611,0,14,1,0,35,46,1,1,121,11,11,1980,74,34,0.43,34,0.61,49,83,8582.626266,3751,0.290963,3.17,8
612,4,14,3,2,63,59,0,0,98,14,7,1925,72,31,0.44,31,0.59,47,78,7782.489591,3401,0.270844,2.96,9
613,3,11,6,2,32,61,2,0,105,15,7,2163,81,34,0.46,34,0.6,49,83,8324.500883,3638,0.262502,3.16,9
614,6,14,13,1,67,38,0,0,120,10,12,2166,81,35,0.49,35,0.58,50,85,8293.845919,3624,0.293078,3.27,8
615,3,19,5,2,44,56,2,0,121,11,11,2250,84,34,0.43,34,0.53,52,86,8365.003857,3656,0.228373,3.1,8
616,6,18,9,3,52,68,0,1,108,9,12,2096,78,34,0.52,34,0.56,51,85,8052.337354,3519,0.222673,2.95,9
617,0,21,4,1,40,55,1,0,90,15,6,2346,87,34,0.42,34,0.56,50,84,8442.490849,3689,0.289497,3.25,8
618,1,19,3,1,50,45,1,0,110,10,11,2265,84,33,0.48,33,0.49,51,84,8343.448473,3646,0.276024,3.12,6
619,3,15,11,1,51,37,1,1,68,17,4,2202,82,29,0.41,29,0.52,51,80,8459.691335,3697,0.257695,3.1,7
620,2,12,12,3,51,34,1,0,105,7,15,2664,99,37,0.47,37,0.56,50,87,8576.384311,3748,0.283884,3.1,10
621,1,20,15,3,36,34,1,2,88,8,11,1748,65,33,0.42,33,0.46,53,86,9003.052804,3934,0.287535,3.48,9
622,6,16,0,2,45,34,2,0,104,13,8,1979,74,32,0.45,32,0.47,52,84,8864.448033,3874,0.286183,3.25,11
623,4,4,12,2,48,67,1,2,98,14,7,1950,73,30,0.44,30,0.62,48,78,7830.654406,3422,0.253433,2.96,8
624,1,6,11,1,53,64,1,0,110,11,10,2108,79,31,0.42,31,0.51,53,84,8151.797718,3562,0.258108,3.08,9
625,1,5,14,1,53,57,2,1,112,14,8,2274,85,31,0.45,31,0.54,52,83,8221.424237,3593,0.252753,3.1,9
626,6,12,7,1,52,49,1,0,104,13,8,1995,74,32,0.43,32,0.5,52,84,8488.470961,3709,0.278323,3.1,7
627,0,15,5,2,52,37,1,2,121,11,11,2037,76,34,0.43,34,0.54,53,87,8695.085643,3800,0.252844,3.27,7
628,4,16,9,0,63,46,2,1,121,11,11,2357,88,34,0.5,34,0.61,49,83,8230.904527,3597,0.260462,2.96,8
629,2,7,9,2,48,51,1,1,80,8,10,1670,62,31,0.49,31,0.53,47,78,8032.29589,3510,0.239672,2.96,7
630,3,3,12,0,51,50,0,1,105,15,7,2622,98,34,0.46,34,0.56,51,85,8461.259693,3698,0.233527,3.06,7
631,1,9,12,1,49,63,2,2,80,8,10,1736,65,31,0.51,31,0.48,48,79,7965.226454,3481,0.245806,3.05,5
632,1,11,3,0,41,60,1,1,84,7,12,1919,72,35,0.5,35,0.56,49,84,8408.841891,3675,0.237934,3.14,10
633,4,11,7,3,44,57,1,1,105,15,7,2153,80,34,0.44,34,0.58,51,85,8372.876112,3659,0.271148,3.06,9
634,5,2,11,2,64,68,2,2,105,7,15,2322,87,36,0.5,36,0.51,54,90,8079.702229,3531,0.235914,3.02,8
635,1,3,11,3,58,54,1,2,121,11,11,2006,75,33,0.46,33,0.56,50,83,8234.371141,3598,0.288431,2.96,10
636,2,17,2,1,70,52,1,0,110,10,11,2207,82,34,0.47,34,0.57,50,84,7967.846759,3482,0.270123,2.98,9
637,2,12,2,3,42,59,0,0,108,9,12,2286,85,35,0.48,35,0.46,53,88,8566.119262,3743,0.256468,3.12,10
638,3,15,9,1,42,40,1,0,98,14,7,2186,81,31,0.42,31,0.53,49,80,8496.590042,3713,0.283435,3.23,7
639,5,1,10,2,63,49,1,0,110,10,11,1994,74,34,0.52,34,0.54,50,84,8193.709025,3581,0.25145,3.15,10
640,3,15,11,1,44,50,1,1,68,17,4,2205,82,29,0.43,29,0.52,51,80,8459.691342,3697,0.240096,3.14,7
641,2,22,8,1,40,69,1,0,120,10,12,2282,85,35,0.46,35,0.58,49,84,8200.128979,3583,0.254074,3.23,10
642,7,1,8,0,43,38,1,2,88,11,8,1730,64,32,0.41,32,0.49,52,84,8780.026221,3837,0.26718,3.19,7
643,2,7,4,1,35,47,1,2,88,11,8,1829,68,30,0.46,30,0.52,48,78,8327.08705,3639,0.2693,3.17,11
644,7,19,14,3,30,61,0,0,121,11,11,1842,69,34,0.46,34,0.57,49,83,8426.810665,3683,0.355185,3.08,7
645,6,8,10,2,59,59,1,1,98,7,14,2009,75,35,0.53,35,0.62,48,83,8004.796222,3498,0.242321,3.06,10
646,2,13,13,1,39,33,1,1,104,13,8,1988,74,32,0.42,32,0.56,49,81,8761.799079,3829,0.25718,3.28,9
647,0,17,7,0,59,38,0,1,68,17,4,2127,79,29,0.4,29,0.56,50,79,8419.725722,3679,0.31779,3.04,7
648,5,15,1,2,35,53,2,0,104,13,8,1965,73,32,0.42,32,0.53,50,82,8439.846461,3688,0.290905,3.2,9
649,1,18,6,2,60,54,2,1,120,10,12,2178,81,35,0.5,35,0.53,51,86,8314.82325,3634,0.241633,3.12,7
650,3,3,11,2,39,69,1,1,105,15,7,2418,90,34,0.43,34,0.56,50,84,8099.701114,3540,0.233253,3.05,5
651,4,3,0,2,31,43,0,1,105,15,7,2138,80,35,0.48,35,0.55,52,87,8931.169852,3903,0.236861,3.26,9
652,6,5,12,3,41,42,1,2,88,11,8,1965,73,31,0.43,31,0.5,51,82,8879.921461,3881,0.282315,3.26,7
653,2,10,10,2,49,43,2,1,121,11,11,2241,84,33,0.48,33,0.49,53,86,8813.103284,3851,0.250702,3.26,6
654,1,22,1,1,68,59,0,0,120,10,12,1965,73,35,0.5,35,0.55,52,87,8138.73028,3557,0.242485,3.1,10
655,1,13,0,2,40,36,0,2,104,13,8,2036,76,32,0.45,32,0.52,50,82,8737.519189,3818,0.284803,3.25,10
656,6,7,14,1,55,38,2,2,112,14,8,2241,84,31,0.44,31,0.49,54,85,8811.034019,3850,0.307656,3.25,8
657,5,21,10,1,48,50,2,1,77,7,11,1712,64,33,0.51,33,0.55,50,83,8360.070542,3653,0.235783,3.15,10
658,0,18,7,1,46,31,1,1,112,14,8,2240,84,32,0.43,32,0.51,51,83,9094.294732,3974,0.281195,3.41,9
659,3,15,8,2,64,33,1,1,98,14,7,1904,71,31,0.42,31,0.58,49,80,8468.323326,3701,0.269479,3.25,8
660,2,9,14,0,68,51,1,0,110,10,11,2274,85,33,0.48,33,0.57,50,83,8072.254389,3528,0.249044,2.91,5
661,2,11,9,3,57,31,2,1,121,11,11,2276,85,33,0.51,33,0.56,50,83,8619.915189,3767,0.296136,3.21,10
662,5,20,2,0,39,32,1,1,110,11,10,1965,73,32,0.45,32,0.51,51,83,8895.985146,3888,0.260102,3.3,7
663,4,1,3,2,43,39,1,2,98,14,7,2024,75,31,0.44,31,0.52,50,81,8560.933323,3741,0.288476,3.23,9
664,4,10,5,2,51,66,0,1,110,11,10,2258,84,32,0.44,32,0.59,50,82,7877.646475,3443,0.225557,2.95,8
665,3,3,5,0,41,51,2,1,90,15,6,1956,73,33,0.44,33,0.56,51,84,8407.252713,3674,0.234545,2.95,9
666,4,12,1,0,31,48,2,0,88,11,8,1755,65,32,0.43,32,0.51,51,83,8777.959026,3836,0.253703,3.2,9
667,1,8,11,2,49,61,1,0,98,7,14,2181,81,35,0.49,35,0.55,50,85,8296.827463,3626,0.279384,3.08,10
668,5,20,3,2,66,57,0,1,121,11,11,1902,71,33,0.44,33,0.62,49,82,8083.782827,3533,0.236883,3.1,7
669,2,6,5,0,70,36,1,2,121,11,11,2544,95,33,0.47,33,0.53,53,86,8588.104991,3753,0.249556,3.06,7
670,6,18,13,1,50,56,1,2,120,10,12,1872,70,35,0.49,35,0.57,50,85,8324.700674,3638,0.26924,3.16,7
671,3,2,5,3,51,69,2,1,121,11,11,2169,81,34,0.45,34,0.58,51,85,8110.426558,3544,0.225436,2.96,8
672,0,16,5,0,65,65,1,2,121,11,11,2511,94,34,0.48,34,0.55,52,86,8105.992405,3542,0.232498,2.91,7
673,7,11,4,1,66,59,1,1,110,11,10,1761,66,32,0.46,32,0.61,49,81,7922.268379,3462,0.258093,2.96,8
674,7,7,13,2,66,51,1,2,77,11,7,1746,65,31,0.48,31,0.54,49,80,8089.886231,3535,0.241501,3.08,5
675,3,9,14,1,64,56,1,0,110,11,10,1856,69,32,0.45,32,0.53,52,84,8166.541043,3569,0.230448,3.04,8
676,2,17,10,0,46,41,0,1,104,13,8,2403,90,32,0.42,32,0.54,50,82,8700.242826,3802,0.265971,3.14,9
677,2,16,3,1,62,58,1,1,120,10,12,2478,92,35,0.48,35,0.59,51,86,8119.356547,3548,0.2492,3.04,7
678,5,20,1,3,41,42,0,0,112,14,8,1940,72,31,0.43,31,0.55,49,80,8666.890029,3787,0.298205,3.22,8
679,6,10,9,3,44,43,1,0,88,11,8,1914,71,31,0.43,31,0.47,52,83,8785.457228,3839,0.265767,3.19,6
680,4,12,0,3,37,51,2,1,121,11,11,1953,73,34,0.41,34,0.58,50,84,8479.513493,3706,0.255077,3.15,8
681,6,18,5,1,64,66,0,1,105,7,15,2186,81,37,0.5,37,0.57,52,89,8086.101384,3534,0.223503,2.95,6
682,3,21,4,1,56,38,1,0,98,14,7,1913,71,30,0.42,30,0.49,51,81,8607.466383,3761,0.261933,3.21,7
683,5,16,1,0,66,50,1,2,120,10,12,2252,84,35,0.47,35,0.54,52,87,8326.76335,3639,0.244915,3.05,8
684,2,9,2,2,36,35,1,1,110,10,11,2049,76,33,0.49,33,0.57,49,82,8705.448964,3804,0.272357,3.36,12
685,7,20,14,2,47,58,0,1,98,14,7,1937,72,31,0.42,31,0.54,51,82,8298.223312,3626,0.286839,3.08,8
686,3,9,8,0,47,50,1,1,98,14,7,1887,70,30,0.42,30,0.62,48,78,8264.014962,3611,0.245057,3.08,8
687,1,20,4,2,61,60,1,1,88,11,8,1782,66,31,0.47,31,0.64,48,79,7976.790213,3486,0.233004,3.06,8
688,5,5,15,1,38,48,2,1,88,11,8,1742,65,30,0.48,30,0.54,48,78,8251.288255,3606,0.252686,3.15,6
689,5,16,7,2,53,64,1,0,120,10,12,2481,92,35,0.5,35,0.57,50,85,8036.441995,3512,0.270678,3.07,8
690,3,15,9,3,63,68,1,2,98,14,7,2075,77,31,0.45,31,0.65,46,77,7577.345816,3311,0.270471,3.02,6
691,6,2,4,3,55,66,0,1,88,11,8,1772,66,31,0.42,31,0.55,52,83,8173.319192,3572,0.235988,2.95,7
692,5,22,2,0,45,65,0,1,104,13,8,1929,72,32,0.41,32,0.55,49,81,8093.178801,3537,0.244995,2.96,10
693,3,8,4,2,63,45,1,1,98,14,7,2310,86,30,0.44,30,0.61,49,79,8184.453877,3577,0.259183,3.1,8
694,7,6,11,1,44,56,2,2,98,14,7,1937,72,30,0.46,30,0.49,52,82,8259.522745,3609,0.270432,3.04,8
695,6,17,1,1,33,45,0,1,110,10,11,1838,69,34,0.45,34,0.52,52,86,8904.960129,3891,0.251775,3.27,8
696,1,17,10,2,61,62,0,2,110,10,11,2067,77,33,0.46,33,0.55,50,83,7967.283915,3482,0.258339,2.95,8
697,3,12,8,1,68,50,2,1,112,14,8,2246,84,32,0.5,32,0.56,51,83,8087.80409,3534,0.241403,2.96,9
698,6,11,7,2,51,34,1,0,120,10,12,2262,84,35,0.46,35,0.54,51,86,8565.638143,3743,0.257492,3.21,8
699,4,17,2,3,41,32,1,1,112,14,8,2387,89,31,0.46,31,0.53,51,82,9021.766563,3943,0.328836,3.35,12
700,6,4,9,2,63,45,0,2,110,10,11,2231,83,33,0.46,33,0.52,52,85,8287.421539,3622,0.268152,3.06,6
701,1,19,8,2,46,55,0,1,110,10,11,1964,73,33,0.53,33,0.57,49,82,8280.986451,3619,0.259565,3.12,7
702,2,15,1,1,45,55,1,2,104,13,8,2189,82,32,0.45,32,0.55,49,81,8207.563168,3587,0.237987,3.08,11
703,3,21,5,3,34,35,2,1,77,11,7,1740,65,31,0.44,31,0.56,49,80,8714.636248,3808,0.286766,3.27,7
704,1,11,15,2,37,49,0,0,120,10,12,2237,83,35,0.48,35,0.45,53,88,8962.541979,3917,0.295472,3.37,10
705,0,12,3,2,46,32,1,0,88,11,8,2067,77,32,0.44,32,0.48,52,84,9000.528269,3933,0.309269,3.31,9
706,2,11,13,1,64,33,0,0,112,14,8,2114,79,31,0.45,31,0.56,50,81,8443.304381,3690,0.273596,3.24,8
707,1,21,9,2,70,36,0,2,112,14,8,2100,78,31,0.42,31,0.56,49,80,8407.249341,3674,0.277442,3.27,8
708,3,5,16,1,64,38,1,1,98,14,7,2018,75,30,0.44,30,0.54,51,81,8530.187358,3728,0.271642,3.21,6
709,5,1,9,0,35,43,1,1,80,10,8,1740,65,32,0.43,32,0.54,50,82,8660.047527,3784,0.24886,3.16,5
710,1,7,8,1,36,59,1,1,110,10,11,2234,83,33,0.49,33,0.56,49,82,8281.562386,3619,0.242091,3.12,6
711,0,3,1,1,59,44,1,1,98,14,7,2028,76,30,0.43,30,0.6,50,80,8299.058713,3627,0.252065,3.13,7
712,2,7,3,1,47,67,1,0,80,10,8,1764,66,30,0.46,30,0.54,46,76,7773.386838,3397,0.259927,2.96,9
713,3,4,11,3,39,55,1,0,110,11,10,2252,84,32,0.47,32,0.53,51,83,8526.367447,3726,0.22284,3.15,7
714,1,16,1,2,37,49,2,0,110,10,11,2094,78,33,0.46,33,0.49,52,85,8700.446407,3802,0.276222,3.23,8
715,3,7,1,1,41,48,1,0,98,14,7,2022,75,30,0.41,30,0.49,50,80,8457.606169,3696,0.2618,3.22,9
716,2,2,16,1,35,62,0,1,104,13,8,2228,83,32,0.46,32,0.56,49,81,8154.964726,3564,0.240176,3.13,11
717,1,18,1,3,43,42,0,1,84,7,12,1844,69,35,0.46,35,0.56,49,84,8753.703073,3825,0.266305,3.25,8
718,3,14,13,3,62,61,0,1,98,14,7,2265,84,31,0.44,31,0.55,50,81,8023.937071,3506,0.300945,2.96,9
719,3,22,2,0,46,60,2,0,90,15,6,2321,87,34,0.47,34,0.55,51,85,8239.121461,3600,0.261755,2.98,8
720,6,9,0,2,38,35,0,2,112,14,8,1850,69,31,0.43,31,0.51,51,82,8915.923766,3896,0.271837,3.48,6
721,4,21,10,2,60,36,1,0,98,14,7,2091,78,30,0.41,30,0.47,52,82,8606.921374,3761,0.26352,3.21,7
722,2,4,8,0,38,69,1,1,88,11,8,1866,70,31,0.47,31,0.6,50,81,8149.534043,3561,0.236677,2.96,9
723,1,19,4,1,31,62,1,0,110,10,11,2079,78,33,0.47,33,0.55,50,83,8458.789144,3696,0.269044,3.23,6
724,6,5,14,2,65,41,1,2,112,14,8,1994,74,31,0.44,31,0.56,51,82,8500.905415,3715,0.274432,3.25,9
725,1,8,9,2,67,49,2,1,110,10,11,2129,79,33,0.54,33,0.56,50,83,8160.630207,3566,0.252079,3.12,6
726,0,19,4,1,59,50,2,0,104,13,8,1920,72,32,0.48,32,0.49,50,82,8264.06627,3611,0.355513,3.08,6
727,3,4,13,1,65,43,2,1,98,14,7,2049,76,30,0.47,30,0.6,50,80,8236.452462,3599,0.335919,3.08,6
728,0,11,16,3,37,68,0,1,110,11,10,2087,78,37,0.5,37,0.57,50,87,8177.743629,3574,0.254323,3.04,8
729,4,13,14,1,52,64,1,1,112,14,8,2469,92,32,0.45,32,0.57,52,84,8092.397831,3536,0.258164,2.96,7
730,6,17,12,1,57,42,1,1,104,13,8,1889,70,32,0.44,32,0.55,51,83,8505.697508,3717,0.244339,3.25,6
731,3,3,7,3,54,38,0,1,105,15,7,2339,87,34,0.45,34,0.55,51,85,8679.7386,3793,0.268131,3.17,8
732,6,7,14,2,31,58,0,1,112,14,8,2133,80,31,0.42,31,0.58,50,81,8556.949153,3739,0.246934,3.23,9
733,3,21,4,3,59,31,0,1,98,14,7,1853,69,30,0.41,30,0.56,49,79,8513.418858,3720,0.277906,3.12,8
734,3,15,9,0,54,40,2,1,98,14,7,2190,82,31,0.46,31,0.53,50,81,8517.4587,3722,0.276343,3.05,6
735,0,20,15,1,45,42,1,2,98,14,7,2081,78,31,0.43,31,0.51,51,82,8555.258791,3739,0.259478,3.27,6
736,1,14,7,2,44,36,2,1,110,10,11,1920,72,34,0.46,34,0.55,49,83,8639.302771,3775,0.276321,3.27,14
737,5,8,4,2,70,56,1,1,80,10,8,1884,70,31,0.47,31,0.62,51,82,8109.708494,3544,0.24133,3.12,6
738,1,11,13,0,45,34,2,0,105,7,15,2367,88,37,0.51,37,0.51,51,88,8796.30737,3844,0.313592,3.24,12
739,0,7,2,2,55,66,2,1,110,11,10,2163,81,32,0.45,32,0.55,51,83,8052.376011,3519,0.255179,2.95,5
740,1,5,7,2,35,58,1,1,88,11,8,1790,67,31,0.44,31,0.58,49,80,8336.355532,3643,0.251605,3.25,8
741,4,3,12,0,57,57,1,1,105,15,7,2579,96,34,0.48,34,0.58,50,84,8279.100449,3618,0.233512,2.98,7
742,5,11,3,3,62,64,2,2,121,11,11,2034,76,33,0.43,33,0.5,53,86,8267.798088,3613,0.253439,2.96,7
743,3,10,12,1,46,64,1,1,98,14,7,2243,84,30,0.46,30,0.59,50,80,8015.660236,3503,0.260934,3.04,7
744,1,13,16,1,56,40,1,2,110,10,11,2153,80,34,0.46,34,0.59,49,83,8275.623784,3616,0.286346,3.25,7
745,4,2,9,2,52,47,1,1,88,11,8,1887,70,32,0.44,32,0.58,50,82,8264.526,3612,0.246813,3.12,6
746,7,10,2,1,67,44,1,2,105,15,7,2133,80,34,0.44,34,0.54,52,86,8516.400439,3722,0.279973,3.17,8
747,3,1,7,2,65,46,1,1,98,14,7,1986,74,31,0.43,31,0.56,51,82,8284.65207,3620,0.344918,3.1,12
748,1,13,4,2,31,59,2,1,110,10,11,2118,79,34,0.48,34,0.6,48,82,8369.190289,3657,0.259477,3.18,8
749,6,9,5,1,43,33,1,0,88,11,8,1938,72,36,0.48,36,0.5,52,88,8981.140667,3925,0.282124,3.33,8
750,4,8,14,3,60,53,1,1,98,14,7,2135,80,30,0.44,30,0.64,49,79,8092.027612,3536,0.271683,2.96,10
751,1,12,11,3,32,65,2,2,80,10,8,1817,68,34,0.47,34,0.5,51,85,8433.506591,3685,0.267308,2.96,13
752,2,21,4,3,69,60,2,1,112,14,8,2282,85,31,0.45,31,0.61,50,81,7963.04878,3480,0.233765,2.89,8
753,2,2,12,3,54,69,1,2,110,10,11,2031,76,34,0.5,34,0.57,50,84,7971.371541,3483,0.270894,2.92,12
754,1,12,6,2,42,63,1,0,110,10,11,1982,74,34,0.51,34,0.55,51,85,8332.444131,3641,0.247217,3.04,14
755,3,2,7,0,36,56,1,1,121,11,11,2213,83,34,0.49,34,0.56,50,84,8492.452018,3711,0.255755,3.15,7
756,6,21,15,1,32,39,2,2,110,10,11,1689,63,33,0.47,33,0.54,50,83,8908.650971,3893,0.310641,3.41,9
757,6,13,8,1,60,34,1,1,110,10,11,1953,73,34,0.44,34,0.57,50,84,8414.43863,3677,0.26747,3.21,9
758,3,8,13,0,67,32,1,1,110,11,10,2061,77,32,0.47,32,0.6,49,81,8360.002783,3653,0.283258,3.1,9
759,2,6,11,2,53,55,0,1,121,11,11,2637,98,33,0.47,33,0.57,50,83,8166.720895,3569,0.25108,3.04,7
760,0,3,6,3,42,40,1,1,98,14,7,2102,78,30,0.42,30,0.53,50,80,8700.975102,3802,0.278405,3.16,7
761,3,21,15,2,54,37,2,1,77,11,7,1803,67,32,0.47,32,0.55,51,83,8526.534513,3726,0.288316,3.26,7
762,5,21,13,2,58,67,1,2,110,10,11,1943,72,33,0.52,33,0.56,51,84,7966.77397,3481,0.249556,2.93,8
763,3,16,8,1,65,39,0,0,112,14,8,2484,93,32,0.44,32,0.51,52,84,8379.507221,3662,0.258554,3.06,8
764,0,20,3,1,53,62,1,0,98,14,7,1751,65,35,0.49,35,0.65,46,81,7847.601773,3429,0.300881,3.02,8
765,2,4,9,3,32,37,0,0,88,8,11,1871,70,33,0.44,33,0.5,51,84,9023.724639,3943,0.287347,3.47,11
766,4,5,10,1,36,31,0,1,98,14,7,1878,70,30,0.4,30,0.52,50,80,8915.012347,3896,0.291802,3.47,8
767,4,19,5,1,44,32,1,1,121,11,11,2204,82,34,0.43,34,0.57,50,84,8942.68519,3908,0.307414,3.44,9
768,1,6,7,1,56,42,1,1,112,14,8,2243,84,31,0.46,31,0.52,53,84,8771.935924,3833,0.250337,3.26,8
769,6,13,6,0,65,50,1,1,80,10,8,1608,60,32,0.47,32,0.6,48,80,7988.211601,3491,0.247618,2.93,6
770,7,16,6,2,55,53,1,2,121,11,11,2351,88,34,0.44,34,0.56,51,85,8358.990196,3653,0.245171,3.12,8
771,5,17,4,3,30,35,1,0,110,10,11,2133,80,34,0.48,34,0.45,52,86,9056.419105,3958,0.287798,3.53,5
772,2,4,1,0,46,34,1,0,88,11,8,1710,64,31,0.44,31,0.47,52,83,8861.105931,3872,0.288878,3.26,9
773,6,15,4,0,47,32,2,1,110,10,11,2073,77,34,0.48,34,0.51,51,85,8754.046248,3826,0.259004,3.24,6
774,5,8,2,0,40,37,0,2,88,8,11,1884,70,33,0.46,33,0.47,52,85,8909.811012,3894,0.278407,3.35,9
775,6,19,6,3,51,70,1,2,121,11,11,1799,67,33,0.44,33,0.56,51,84,8071.337939,3527,0.278489,2.95,7
776,2,4,15,3,49,32,1,1,88,8,11,1731,65,33,0.46,33,0.55,50,83,8799.549637,3845,0.259555,3.27,11
777,4,13,7,1,64,45,1,0,121,11,11,2481,92,34,0.45,34,0.51,52,86,8409.680992,3675,0.271182,3.12,9
778,7,1,1,0,30,56,2,0,121,11,11,1943,72,34,0.46,34,0.58,50,84,8425.975458,3682,0.327751,3.1,9
779,3,16,9,0,45,44,2,1,121,11,11,2381,89,34,0.45,34,0.57,50,84,8717.674973,3810,0.332313,3.18,10
780,3,15,8,1,52,45,2,0,98,14,7,2067,77,35,0.48,35,0.52,51,86,8241.745594,3602,0.2724,3.04,9
781,1,3,10,1,36,30,1,2,121,11,11,2217,83,33,0.47,33,0.52,51,84,8963.348998,3917,0.30377,3.44,10
782,1,10,0,0,58,51,1,0,121,11,11,1988,74,33,0.45,33,0.53,52,85,8409.115778,3675,0.253792,3.06,7
783,1,13,15,2,37,61,0,2,80,10,8,1932,72,32,0.45,32,0.57,48,80,8107.34653,3543,0.25451,3.1,7
784,2,20,11,0,57,41,1,1,121,11,11,2318,86,33,0.48,33,0.56,50,83,8524.186434,3725,0.269643,3.13,6
785,1,7,15,2,51,52,0,0,98,7,14,2058,77,35,0.5,35,0.54,49,84,8255.221209,3608,0.270149,3.11,10
786,0,18,4,2,65,46,1,1,88,11,8,1944,72,38,0.49,38,0.6,50,88,8164.05669,3568,0.265389,3.05,7
787,1,21,2,1,69,61,1,1,112,14,8,1967,73,31,0.44,31,0.64,49,80,7761.640393,3392,0.254296,2.96,7
788,1,18,9,1,44,33,0,1,120,10,12,2159,80,35,0.49,35,0.55,50,85,8905.42626,3892,0.27726,3.38,7
789,4,5,3,2,51,66,0,1,77,11,7,1847,69,32,0.43,32,0.58,48,80,7865.031378,3437,0.234171,2.99,5
790,2,10,8,1,54,31,2,1,110,11,10,2054,77,31,0.43,31,0.52,52,83,8692.941447,3799,0.25979,3.36,6
791,1,14,1,3,39,60,1,1,80,10,8,1773,66,32,0.45,32,0.6,48,80,8162.471536,3567,0.240093,2.98,7
792,5,14,9,2,34,65,0,1,80,10,8,1643,61,32,0.44,32,0.58,48,80,8203.815286,3585,0.253143,3.11,11
793,3,16,3,0,31,39,1,1,121,11,11,2262,84,34,0.43,34,0.54,51,85,8889.686176,3885,0.321699,3.54,9
794,5,5,7,0,42,40,2,1,88,8,11,1784,67,32,0.47,32,0.53,48,80,8399.505014,3671,0.259948,3.22,9
795,1,14,9,2,45,65,2,2,110,10,11,1937,72,34,0.46,34,0.55,50,84,8264.452771,3612,0.263913,3.14,14
796,1,9,3,1,48,64,0,1,88,11,8,1875,70,30,0.44,30,0.54,48,78,7976.053011,3486,0.234428,3.05,6
797,2,15,9,2,47,32,0,1,110,10,11,2598,97,34,0.48,34,0.5,52,86,8750.475362,3824,0.253882,3.27,8
798,2,7,12,2,59,41,0,2,80,8,10,1790,67,30,0.44,30,0.49,48,78,8089.538447,3535,0.282422,3.08,7
799,5,16,1,1,58,36,1,1,120,10,12,2207,82,35,0.49,35,0.56,50,85,8490.300852,3710,0.306805,3.25,9
800,6,20,16,1,37,31,0,2,80,10,8,1580,59,30,0.43,30,0.47,49,79,8691.305837,3798,0.318575,3.26,6
801,5,9,10,1,67,62,1,1,98,7,14,2009,75,35,0.51,35,0.65,46,81,7674.153228,3354,0.243916,2.95,10
802,4,5,14,1,53,47,1,1,77,11,7,1941,72,36,0.5,36,0.59,49,85,8256.576786,3608,0.243795,3.09,9
803,2,6,4,1,69,51,0,1,88,11,8,1994,74,31,0.45,31,0.65,48,79,7983.699658,3489,0.261978,3.11,7
804,7,6,0,3,49,69,2,1,98,14,7,1929,72,30,0.43,30,0.55,51,81,8021.152634,3505,0.240529,2.95,8
805,5,17,3,1,53,60,2,1,80,10,8,1757,66,34,0.46,34,0.55,51,85,8117.525658,3547,0.230513,2.95,8
806,2,2,2,3,54,44,1,1,104,13,8,2099,78,32,0.46,32,0.56,51,83,8409.949482,3675,0.278923,2.96,12
807,7,7,16,2,55,46,0,1,110,11,10,2109,79,32,0.45,32,0.58,48,80,8172.815786,3572,0.288669,3.16,5
808,6,15,2,2,62,32,1,2,110,10,11,1961,73,34,0.45,34,0.55,51,85,8521.702776,3724,0.301428,3.23,9
809,2,15,3,0,57,36,1,2,110,10,11,2156,80,34,0.44,34,0.56,50,84,8489.696822,3710,0.27662,3.15,11
810,2,7,13,2,58,50,1,2,88,8,11,1982,74,32,0.48,32,0.52,48,80,7889.282379,3448,0.267549,2.95,9
811,4,2,6,2,64,41,0,2,112,14,8,2313,86,32,0.44,32,0.53,52,84,8444.051839,3690,0.329881,3.24,6
812,5,18,10,2,39,32,0,1,84,7,12,1976,74,35,0.48,35,0.43,54,89,9063.459916,3961,0.271495,3.46,6
813,2,5,7,2,42,33,1,1,110,10,11,2358,88,33,0.48,33,0.52,51,84,8744.040276,3821,0.259077,3.25,8
814,5,22,2,0,56,68,2,0,104,13,8,2003,75,32,0.45,32,0.52,51,83,7915.860051,3459,0.258117,3.02,8
815,5,9,0,1,55,51,1,1,110,10,11,1863,69,33,0.47,33,0.61,48,81,8119.191034,3548,0.253626,3.14,8
816,4,3,11,3,39,44,1,1,105,15,7,2423,90,34,0.45,34,0.55,51,85,8770.388598,3833,0.266118,3.2,6
817,0,21,16,1,63,40,0,1,105,15,7,2145,80,34,0.47,34,0.53,52,86,8477.550507,3705,0.251042,3.15,10
818,5,16,4,1,51,41,0,1,120,10,12,2451,91,35,0.49,35,0.56,50,85,8425.06961,3682,0.261301,3.24,7
819,7,1,2,1,51,51,1,2,88,11,8,1749,65,34,0.45,34,0.56,51,85,8404.94651,3673,0.252317,3.12,7
820,2,2,11,3,68,44,0,1,104,13,8,2046,76,32,0.47,32,0.6,49,81,8157.505255,3565,0.281147,2.94,12
821,1,4,9,1,32,47,1,2,98,7,14,2177,81,35,0.49,35,0.54,50,85,8755.573601,3826,0.273981,3.44,6
822,3,10,3,1,31,62,1,1,110,11,10,2198,82,32,0.47,32,0.59,49,81,8349.487135,3649,0.247508,3.23,8
823,5,11,13,2,70,67,2,1,112,14,8,2076,77,31,0.43,31,0.57,52,83,7966.146283,3481,0.225048,2.92,7
824,4,2,11,1,63,39,1,1,121,11,11,2340,87,34,0.44,34,0.58,51,85,8450.493397,3693,0.30257,3.15,10
825,2,6,7,2,44,37,1,1,112,14,8,2588,96,31,0.45,31,0.55,51,82,8748.790053,3823,0.273487,3.27,5
826,5,21,7,2,55,33,2,2,110,10,11,2139,80,33,0.48,33,0.49,51,84,8504.246523,3716,0.288723,3.19,7
827,4,7,2,1,39,49,1,1,110,11,10,2039,76,32,0.45,32,0.58,49,81,8476.159795,3704,0.262875,3.25,7
828,2,21,0,2,69,66,2,0,121,11,11,2055,77,33,0.46,33,0.55,51,84,7989.235094,3491,0.248477,3.04,8
829,6,6,3,1,40,40,1,2,110,10,11,2208,82,33,0.46,33,0.53,49,82,8563.364908,3742,0.278171,3.25,10
830,5,3,10,2,46,46,1,2,88,11,8,1943,72,31,0.43,31,0.45,53,84,8687.735666,3797,0.244843,3.21,7
831,5,11,3,2,46,64,2,0,121,11,11,2025,75,33,0.42,33,0.51,53,86,8446.7726,3691,0.263941,3.12,7
832,2,16,0,3,36,66,2,2,105,7,15,2609,97,36,0.47,36,0.49,53,89,8736.345955,3818,0.242151,3.13,6
833,4,20,11,2,40,60,2,1,121,11,11,2244,84,34,0.47,34,0.57,50,84,8385.801011,3665,0.263264,3.2,8
834,5,4,3,2,58,48,1,0,98,7,14,2124,79,35,0.48,35,0.54,50,85,8204.558758,3585,0.25948,3.05,7
835,2,19,11,2,47,49,1,1,110,10,11,1937,72,33,0.52,33,0.57,50,83,8563.961463,3742,0.241517,3.2,11
836,0,13,16,0,63,51,0,1,68,17,4,2177,81,29,0.4,29,0.54,50,79,8184.066349,3576,0.241415,2.94,8
837,5,14,16,2,36,33,2,1,104,13,8,2067,77,32,0.43,32,0.53,50,82,8806.496126,3848,0.265397,3.34,8
838,6,9,5,2,68,53,0,1,88,11,8,1944,72,37,0.55,37,0.59,50,87,8069.580786,3526,0.243632,3.05,9
839,7,19,3,2,48,53,1,0,121,11,11,1833,68,34,0.48,34,0.57,50,84,8498.556681,3714,0.349559,3.28,8
840,3,20,5,1,41,41,1,0,121,11,11,2028,76,34,0.46,34,0.5,52,86,8889.944136,3885,0.263813,3.36,7
841,6,10,2,2,56,61,1,2,88,11,8,1842,69,31,0.43,31,0.52,53,84,8270.289057,3614,0.268799,3.06,6
842,2,0,14,3,50,32,2,1,84,7,12,2136,80,35,0.47,35,0.49,51,86,8718.265566,3810,0.259102,3.17,11
843,4,13,13,0,45,32,1,2,104,13,8,2238,83,32,0.43,32,0.56,49,81,8828.178772,3858,0.319564,3.37,10
844,7,16,4,1,37,53,1,1,88,11,8,2073,77,32,0.44,32,0.56,50,82,8521.398088,3724,0.273016,3.2,8
845,1,13,6,0,65,41,0,2,104,13,8,2171,81,32,0.44,32,0.59,48,80,8255.108468,3607,0.283552,3.06,9
846,4,3,8,2,54,36,0,1,105,15,7,2172,81,34,0.44,34,0.55,50,84,8593.988603,3756,0.283919,3.2,8
847,4,2,3,3,59,34,2,1,121,11,11,2178,81,34,0.46,34,0.53,52,86,8646.558946,3779,0.307827,3.15,9
848,1,6,6,1,41,59,1,1,88,11,8,1826,68,31,0.45,31,0.53,51,82,8405.584368,3673,0.236954,3.26,7
849,1,11,7,3,53,66,0,1,120,10,12,2105,78,34,0.47,34,0.59,50,84,8116.883233,3547,0.234796,2.92,9
850,3,1,14,2,57,47,1,2,98,14,7,2400,89,31,0.43,31,0.53,50,81,8221.652082,3593,0.258737,3.1,8
851,0,20,16,1,31,69,1,2,68,17,4,2052,77,29,0.4,29,0.61,48,77,8015.935071,3503,0.271569,3.04,8
852,1,10,13,2,30,55,1,1,88,11,8,1763,66,32,0.46,32,0.62,48,80,8478.007807,3705,0.251978,3.23,8
853,4,5,14,3,33,36,0,0,77,11,7,1877,70,32,0.42,32,0.49,50,82,8951.327924,3912,0.284153,3.47,6
854,4,11,12,0,35,33,0,1,90,15,6,2558,95,34,0.42,34,0.53,51,85,9075.830495,3966,0.33391,3.35,9
855,1,5,10,0,32,49,1,1,121,11,11,2378,89,33,0.47,33,0.58,50,83,8889.944155,3885,0.27719,3.37,9
856,1,12,8,3,33,47,0,2,104,13,8,2132,79,32,0.44,32,0.54,49,81,8583.739112,3751,0.277031,3.16,7
857,4,22,4,3,54,36,2,1,72,18,4,2418,90,32,0.42,32,0.54,51,83,8688.579076,3797,0.286894,3.15,9
858,1,2,2,0,33,56,0,1,110,11,10,2132,79,36,0.48,36,0.56,50,86,8642.404368,3777,0.238667,3.15,7
859,6,16,5,1,39,70,2,1,110,10,11,1887,70,34,0.49,34,0.62,48,82,8064.475164,3524,0.245002,3.12,9
860,0,12,14,2,39,69,0,1,112,14,8,2199,82,32,0.43,32,0.56,50,82,8135.771818,3555,0.248389,3.08,9
861,6,20,7,1,69,57,1,1,80,8,10,1749,65,35,0.5,35,0.6,47,82,7673.605512,3353,0.245032,2.92,8
862,4,18,12,2,65,45,1,0,98,14,7,2079,78,31,0.43,31,0.53,51,82,8305.704601,3630,0.260702,3.1,7
863,5,16,7,0,50,34,1,2,120,10,12,2502,93,35,0.49,35,0.53,51,86,8582.333396,3750,0.288329,3.1,8
864,1,10,3,1,65,39,1,1,121,11,11,2058,77,33,0.45,33,0.58,51,84,8471.571339,3702,0.274785,3.21,8
865,6,5,1,1,65,40,0,0,121,11,11,2046,76,33,0.46,33,0.51,52,85,8617.233483,3766,0.288912,3.26,7
866,5,20,12,2,57,53,0,2,121,11,11,1997,74,33,0.47,33,0.53,51,84,8421.632255,3680,0.261007,3.17,9
867,3,15,5,3,64,39,2,0,98,14,7,2039,76,31,0.44,31,0.49,51,82,8438.739542,3688,0.265938,3.04,7
868,6,7,11,1,38,37,2,2,112,14,8,2208,82,31,0.43,31,0.46,53,84,8978.016851,3923,0.28748,3.44,7
869,1,19,8,2,65,63,0,1,110,10,11,1970,73,33,0.53,33,0.57,49,82,7924.511449,3463,0.249532,3.06,7
870,1,1,8,1,46,47,1,1,104,13,8,2193,82,32,0.45,32,0.54,50,82,8432.886613,3685,0.249969,3.21,6
871,2,4,11,1,33,62,2,1,88,8,11,1908,71,36,0.46,36,0.57,50,86,8535.338659,3730,0.238129,3.24,9
872,0,6,11,2,48,64,1,2,98,14,7,1874,70,30,0.42,30,0.58,50,80,8142.112602,3558,0.255862,3.08,8
873,6,7,4,0,53,69,1,0,121,11,11,2118,79,33,0.43,33,0.61,49,82,8003.171792,3497,0.278218,2.95,6
874,0,7,3,2,55,58,2,0,110,11,10,2205,82,36,0.48,36,0.5,52,88,8258.85272,3609,0.305647,3.03,9
875,0,14,10,1,69,48,1,2,112,14,8,2112,79,32,0.47,32,0.51,53,85,8324.555911,3638,0.247077,3.07,6
876,1,11,0,3,46,52,0,1,105,7,15,2237,83,37,0.5,37,0.55,49,86,8411.009341,3676,0.262247,3.17,11
877,7,4,11,2,34,47,2,1,98,14,7,1809,67,30,0.43,30,0.55,51,81,8637.712596,3775,0.255704,3.21,7
878,3,11,4,0,39,33,1,1,72,18,4,2456,92,32,0.43,32,0.5,52,84,9086.973242,3971,0.315047,3.35,8
879,6,5,14,1,39,31,1,1,112,14,8,2004,75,31,0.44,31,0.49,51,82,9012.746284,3939,0.2736,3.45,9
880,4,3,12,3,53,43,1,1,105,15,7,2588,96,34,0.46,34,0.56,51,85,8622.837348,3768,0.257492,3.09,7
881,5,18,13,3,65,55,0,2,120,10,12,1916,71,35,0.48,35,0.58,49,84,8158.631899,3565,0.277813,2.94,9
882,4,0,10,2,67,42,1,1,121,11,11,2345,87,38,0.52,38,0.6,50,88,8235.969777,3599,0.276031,3.12,9
883,6,4,12,1,61,65,2,1,110,10,11,1734,65,33,0.47,33,0.55,51,84,8088.207238,3535,0.226359,2.99,9
884,2,3,11,3,70,45,0,1,121,11,11,2549,95,33,0.48,33,0.64,47,80,8173.987353,3572,0.254898,3.05,7
885,6,21,13,0,57,56,2,1,77,7,11,1782,66,33,0.43,33,0.5,52,85,8354.223991,3651,0.239445,2.98,6
886,5,18,14,2,49,65,1,1,120,10,12,2030,76,35,0.5,35,0.57,51,86,8416.800688,3678,0.238995,3.15,11
887,1,14,13,1,64,47,2,0,80,10,8,1757,66,32,0.45,32,0.45,52,84,8399.122522,3670,0.264703,3.12,9
888,1,9,3,2,40,69,1,1,88,11,8,1895,71,30,0.46,30,0.55,48,78,7899.852643,3452,0.234296,2.99,7
889,5,12,0,1,33,57,1,2,84,7,12,1835,68,35,0.46,35,0.51,53,88,8904.661536,3891,0.259709,3.34,10
890,3,14,5,1,52,49,1,0,98,14,7,2216,83,35,0.49,35,0.59,47,82,8163.258013,3567,0.27292,3.09,8
891,0,20,10,1,33,45,1,0,68,17,4,2130,79,29,0.4,29,0.55,49,78,8522.625717,3724,0.302796,3.2,6
892,1,19,9,1,39,30,2,0,98,7,14,2130,79,35,0.51,35,0.51,51,86,8817.735124,3853,0.288424,3.29,9
893,0,15,2,2,36,53,2,1,121,11,11,1986,74,34,0.44,34,0.55,51,85,8766.16349,3831,0.300006,3.26,9
894,2,0,7,2,36,58,1,1,105,7,15,2238,83,37,0.53,37,0.6,49,86,8542.936487,3733,0.253685,3.27,11
895,7,17,8,0,31,35,2,0,98,14,7,2042,76,31,0.42,31,0.54,49,80,8874.721192,3878,0.318035,3.33,6
896,2,5,13,3,61,46,2,2,110,10,11,2046,76,33,0.52,33,0.45,53,86,8490.465271,3710,0.262916,3.04,12
897,3,12,6,2,32,54,1,2,121,11,11,2018,75,34,0.45,34,0.61,48,82,8552.178274,3737,0.295843,3.23,9
898,2,18,11,2,50,50,1,0,105,7,15,2487,93,37,0.52,37,0.58,49,86,8167.146834,3569,0.265095,3.09,5
899,1,8,8,3,47,57,0,2,110,10,11,2282,85,33,0.49,33,0.5,51,84,8361.840282,3654,0.263569,2.95,7
900,7,19,5,2,38,43,1,1,112,14,8,1959,73,32,0.43,32,0.53,51,83,8706.919331,3805,0.290975,3.24,7
901,2,6,7,3,43,50,2,1,112,14,8,2637,98,31,0.44,31,0.53,52,83,8625.861274,3770,0.264775,3.07,5
902,6,1,3,3,61,60,0,2,120,10,12,2124,79,35,0.5,35,0.56,50,85,8079.619426,3531,0.260579,2.93,7
903,6,6,2,1,54,37,2,1,98,7,14,2099,78,35,0.49,35,0.52,51,86,8617.68227,3766,0.256192,3.24,9
904,6,16,6,1,50,61,0,0,104,13,8,2235,83,32,0.47,32,0.54,49,81,7942.272102,3471,0.255954,2.98,6
905,6,4,11,1,55,63,1,1,98,7,14,1952,73,35,0.51,35,0.6,49,84,8047.583768,3517,0.24345,3.06,8
906,0,8,14,1,59,45,1,0,90,15,6,2064,77,34,0.44,34,0.51,52,86,8481.323181,3706,0.320842,3.11,6
907,7,20,5,3,50,56,0,2,98,14,7,1910,71,31,0.42,31,0.57,50,81,8152.877074,3563,0.25866,2.97,7
908,5,20,13,2,32,54,1,1,112,14,8,1995,74,31,0.41,31,0.57,51,82,8694.032536,3799,0.24973,3.29,8
909,5,1,2,2,46,40,2,1,110,10,11,2009,75,34,0.46,34,0.58,49,83,8424.315295,3681,0.264139,3.25,8
910,5,17,11,1,35,41,0,1,110,10,11,2028,76,34,0.48,34,0.54,50,84,8660.333749,3785,0.259675,3.25,10
911,4,7,14,1,55,31,1,0,98,14,7,2169,81,30,0.43,30,0.51,50,80,8572.318675,3746,0.267397,3.22,8
912,0,14,10,2,34,41,1,1,112,14,8,2052,77,31,0.43,31,0.51,51,82,8827.805314,3858,0.290235,3.39,8
913,2,20,11,1,42,58,0,2,121,11,11,2366,88,33,0.45,33,0.48,52,85,8476.578535,3704,0.246259,3.14,7
914,2,13,7,1,46,67,0,1,110,10,11,2360,88,34,0.47,34,0.54,50,84,8074.581382,3529,0.249931,3.08,5
915,2,13,13,2,45,67,2,0,104,13,8,1956,73,32,0.49,32,0.56,50,82,8170.93313,3571,0.268864,3.06,13
916,7,10,16,1,34,63,1,1,105,15,7,2186,81,34,0.45,34,0.57,50,84,8219.719997,3592,0.238452,3.05,10
917,0,4,11,2,45,62,1,2,98,14,7,1755,65,30,0.4,30,0.58,49,79,8137.518855,3556,0.269038,3.08,7
918,2,9,14,3,53,59,0,2,110,10,11,2225,83,33,0.47,33,0.5,51,84,8250.671525,3606,0.255612,2.96,11
919,3,20,14,3,60,61,0,2,88,11,8,1755,65,34,0.46,34,0.53,51,85,8179.165761,3574,0.268976,2.96,8
920,1,14,9,3,50,32,0,2,110,10,11,1956,73,34,0.46,34,0.51,51,85,8540.996548,3732,0.297812,3.15,11
921,6,15,4,1,67,31,0,1,110,10,11,2001,75,34,0.49,34,0.61,48,82,8252.993333,3607,0.25545,3.23,6
922,5,2,13,1,43,60,0,1,120,10,12,1982,74,35,0.49,35,0.58,49,84,8337.48564,3643,0.237065,3.27,9
923,3,8,14,3,33,31,0,2,98,14,7,2147,80,30,0.41,30,0.54,50,80,8880.315116,3881,0.315292,3.37,11
924,6,18,10,3,58,35,0,1,108,9,12,2096,78,35,0.45,35,0.49,53,88,8505.726764,3717,0.249614,3.1,6
925,3,17,14,3,69,43,2,1,112,14,8,2514,94,32,0.44,32,0.52,53,85,8483.636841,3707,0.332224,3.04,9
926,7,21,9,3,59,61,1,2,105,15,7,2223,83,34,0.47,34,0.51,53,87,8228.326098,3596,0.245331,3.02,9
927,1,14,11,1,42,44,1,0,104,13,8,1953,73,32,0.43,32,0.48,52,84,8623.067859,3768,0.281207,3.18,12
928,1,16,9,3,38,60,0,0,110,10,11,2250,84,34,0.44,34,0.55,50,84,8309.47153,3631,0.282446,2.94,10
929,5,7,1,1,58,47,1,1,110,10,11,1934,72,33,0.52,33,0.56,50,83,8367.581306,3657,0.250998,3.15,11
930,6,16,12,0,49,59,0,1,104,13,8,1907,71,32,0.44,32,0.6,48,80,8213.535051,3589,0.245102,2.95,9
931,7,22,12,0,52,65,1,0,110,11,10,1884,70,32,0.45,32,0.58,50,82,7938.300352,3469,0.260843,2.95,8
932,2,12,15,3,60,50,1,1,120,10,12,2334,87,35,0.5,35,0.62,49,84,8208.248247,3587,0.243853,2.99,12
933,4,5,14,3,44,44,0,1,77,11,7,1851,69,32,0.45,32,0.54,49,81,8519.766005,3723,0.280034,3.13,8
934,2,7,11,2,53,59,1,0,80,8,10,1691,63,35,0.49,35,0.57,46,81,7739.599135,3382,0.270439,2.95,7
935,7,16,5,2,33,37,1,1,121,11,11,2483,93,34,0.42,34,0.52,51,85,8749.709525,3824,0.246218,3.26,10
936,1,12,13,2,45,33,2,1,80,10,8,1797,67,34,0.48,34,0.54,50,84,8649.412882,3780,0.291019,3.23,11
937,1,10,12,1,47,40,0,0,121,11,11,2124,79,33,0.43,33,0.47,52,85,8697.507032,3801,0.282606,3.23,7
938,0,21,10,1,41,62,1,1,105,15,7,2436,91,34,0.53,34,0.55,50,84,8221.396165,3593,0.250651,3.06,8
939,4,12,11,1,50,38,0,1,88,11,8,1746,65,34,0.47,34,0.54,50,84,8393.232478,3668,0.288573,3.17,9
940,3,3,13,0,70,52,0,1,105,15,7,2088,78,34,0.47,34,0.61,49,83,8160.45044,3566,0.233279,2.95,6
941,6,13,15,2,33,31,1,1,104,13,8,1979,74,32,0.46,32,0.54,50,82,8890.809097,3885,0.287608,3.38,6
942,1,9,16,2,66,49,0,2,88,8,11,1691,63,32,0.47,32,0.52,49,81,8164.218295,3568,0.256183,3.08,7
943,6,12,15,3,54,67,2,2,104,13,8,1814,68,32,0.5,32,0.54,52,84,8017.146263,3503,0.241973,2.92,9
944,1,21,15,1,37,59,1,0,112,14,8,2016,75,31,0.44,31,0.54,52,83,8364.570084,3655,0.256938,3.24,7
945,7,12,1,1,44,55,1,1,121,11,11,2172,81,34,0.45,34,0.58,51,85,8476.582703,3704,0.264382,3.25,9
946,5,12,5,1,46,48,2,1,120,10,12,2084,78,35,0.5,35,0.51,51,86,8720.360289,3811,0.253741,3.27,8
947,2,9,16,0,31,62,1,0,110,10,11,2112,79,33,0.46,33,0.54,50,83,8335.016892,3642,0.260524,3.08,6
948,1,10,14,0,49,69,1,1,112,14,8,2061,77,31,0.43,31,0.58,51,82,8361.357558,3654,0.251337,3.04,7
949,3,17,1,1,69,52,1,1,112,14,8,2370,88,32,0.46,32,0.62,50,82,8093.490278,3537,0.244815,3.04,9
950,2,4,10,1,60,52,1,1,88,8,11,1998,74,33,0.49,33,0.61,48,81,8111.083084,3545,0.242905,3.09,10
951,6,8,3,2,59,35,1,2,110,10,11,1997,74,33,0.48,33,0.56,49,82,8411.448952,3676,0.288215,3.2,6
952,3,0,3,3,54,53,1,0,112,14,8,2127,79,31,0.42,31,0.5,52,83,8351.210288,3649,0.252527,3.06,6
953,5,10,8,3,43,33,1,2,110,11,10,2108,79,33,0.44,33,0.49,51,84,8966.113731,3918,0.282252,3.55,7
954,7,14,8,2,62,35,1,1,88,11,8,1901,71,34,0.44,34,0.54,50,84,8507.827704,3718,0.275493,3.25,9
955,3,5,2,1,61,35,1,2,98,14,7,1982,74,30,0.43,30,0.56,50,80,8612.716381,3764,0.350506,3.21,6
956,3,2,13,2,48,58,1,1,104,13,8,2079,78,32,0.45,32,0.58,51,83,8275.680176,3616,0.248832,3.13,6
957,5,13,0,1,40,65,0,2,104,13,8,1769,66,32,0.48,32,0.57,48,80,8186.431897,3577,0.245049,3.12,12
958,7,16,15,2,34,47,0,2,88,11,8,1989,74,33,0.45,33,0.53,51,84,8652.497588,3781,0.246158,3.21,7
959,2,5,1,2,63,57,1,2,110,10,11,2066,77,33,0.49,33,0.54,51,84,8213.917713,3589,0.265469,3.06,11
960,4,16,8,2,39,35,1,0,112,14,8,2478,92,32,0.45,32,0.48,52,84,8898.518103,3889,0.280506,3.36,8
961,3,11,13,2,45,68,2,1,105,15,7,2213,83,34,0.45,34,0.56,51,85,8161.931104,3567,0.253705,3.06,9
962,0,1,5,1,55,59,2,1,112,14,8,2078,77,32,0.44,32,0.56,51,83,8284.186934,3620,0.275976,3.08,6
963,6,9,0,2,30,36,1,2,112,14,8,1848,69,31,0.43,31,0.52,51,82,9035.230016,3948,0.275713,3.48,7
964,7,13,3,2,32,39,1,2,98,14,7,1803,67,31,0.42,31,0.54,49,80,8706.279553,3805,0.355297,3.38,8
965,7,18,11,2,43,33,1,1,112,14,8,2282,85,32,0.43,32,0.51,51,83,8934.638098,3904,0.278336,3.39,9
966,0,20,15,2,32,57,1,1,98,14,7,1998,74,31,0.45,31,0.6,49,80,8450.840821,3693,0.290444,3.2,6
967,5,6,1,0,51,60,1,1,112,14,8,2195,82,31,0.45,31,0.57,51,82,8184.675339,3577,0.234621,3.04,7
968,5,11,15,1,69,53,1,1,112,14,8,2031,76,31,0.44,31,0.6,50,81,8068.224665,3526,0.244144,3.04,7
969,4,2,6,1,66,61,1,2,112,14,8,2234,83,32,0.45,32,0.6,50,82,8152.288272,3563,0.29511,3.12,7
970,6,10,15,0,61,67,1,1,80,10,8,1668,62,31,0.43,31,0.61,50,81,8013.559031,3502,0.244419,2.95,6
971,1,1,7,0,31,48,0,0,110,10,11,2018,75,34,0.44,34,0.5,52,86,8845.169551,3865,0.262389,3.27,7
972,2,5,8,0,60,33,2,1,98,7,14,2373,88,35,0.5,35,0.54,50,85,8509.743871,3719,0.26658,3.17,7
973,5,9,2,2,40,46,2,2,98,7,14,2081,78,34,0.49,34,0.51,51,85,8608.636145,3762,0.281288,3.21,7
974,1,20,7,2,37,66,2,2,88,11,8,1895,71,31,0.41,31,0.51,52,83,8399.158322,3670,0.262314,3.24,7
975,5,8,2,2,44,38,1,1,88,8,11,1842,69,33,0.45,33,0.55,50,83,8642.673103,3777,0.271111,3.26,9
976,3,0,6,3,62,36,2,1,88,11,8,1770,66,34,0.43,34,0.49,53,87,8638.373722,3775,0.280295,3.11,6
977,1,4,11,2,62,51,2,0,110,10,11,1904,71,33,0.49,33,0.52,50,83,8203.811452,3585,0.258001,3.09,9
978,1,1,15,1,44,66,0,1,110,10,11,1854,69,34,0.49,34,0.56,49,83,8213.737672,3589,0.259827,3.12,11
979,7,14,10,2,64,53,0,0,112,14,8,2013,75,31,0.45,31,0.61,48,79,8079.575316,3531,0.318515,3.12,6
980,5,2,0,2,63,32,1,2,120,10,12,1905,71,35,0.5,35,0.6,49,84,8438.854489,3688,0.297818,3.27,8
981,5,5,2,2,31,67,0,0,88,8,11,1712,64,32,0.47,32,0.6,45,77,7946.474568,3473,0.275455,3.06,8
982,4,5,10,3,58,44,1,1,98,14,7,1898,71,30,0.41,30,0.57,51,81,8411.64761,3676,0.299457,2.96,8
983,2,18,14,3,63,51,2,1,120,10,12,2241,84,34,0.51,34,0.54,51,85,8265.720696,3612,0.241231,2.95,14
984,5,17,1,0,70,53,0,1,104,13,8,1991,74,32,0.48,32,0.59,49,81,7969.83462,3483,0.236466,2.97,7
985,5,9,0,2,52,30,0,1,110,10,11,1836,68,33,0.49,33,0.52,50,83,8626.440293,3770,0.287481,3.24,10
986,7,6,8,2,66,30,1,1,98,14,7,2058,77,30,0.43,30,0.58,49,79,8504.021372,3716,0.29309,3.2,6
987,2,12,12,2,64,39,1,1,105,7,15,2646,99,37,0.48,37,0.6,50,87,8184.209332,3576,0.26663,3.1,7
988,2,11,16,0,66,36,1,1,112,14,8,2151,80,31,0.45,31,0.58,50,81,8623.838682,3769,0.320027,3.28,8
989,0,18,11,1,68,45,0,2,112,14,8,2274,85,32,0.48,32,0.54,50,82,8347.982012,3648,0.273301,3.12,7
990,4,20,12,2,31,69,1,1,112,14,8,1968,73,32,0.45,32,0.59,50,82,8244.578075,3603,0.259677,3.12,9
991,1,1,13,2,38,32,1,0,80,10,8,1800,67,34,0.5,34,0.53,50,84,8761.500387,3829,0.284303,3.27,11
992,7,3,9,1,44,60,2,1,98,14,7,2141,80,30,0.44,30,0.54,50,80,8292.887371,3624,0.260402,3.15,6
993,2,15,2,1,32,67,1,1,110,10,11,2126,79,34,0.47,34,0.63,47,81,8159.364372,3566,0.255303,3.23,11
994,3,22,14,1,62,54,2,1,105,15,7,2400,89,34,0.48,34,0.59,50,84,8112.412997,3545,0.278954,3.06,10
995,5,2,6,2,60,50,2,0,84,7,12,2025,75,34,0.49,34,0.46,53,87,8469.636719,3701,0.257866,3.14,7
996,5,0,2,1,48,39,0,2,104,13,8,1911,71,32,0.44,32,0.51,49,81,8680.719389,3793,0.308197,3.26,10
997,3,10,8,2,61,56,2,1,110,11,10,2442,91,32,0.49,32,0.59,49,81,7834.966359,3424,0.251361,3.02,7
998,1,17,12,2,48,50,2,1,110,10,11,1863,69,34,0.45,34,0.58,49,83,8350.815269,3649,0.254931,3.21,10
999,5,17,4,3,35,64,1,1,110,10,11,2097,78,34,0.51,34,0.55,49,83,8386.650355,3665,0.24558,3.08,6
